sku,title,product_url,description,price,image,rating,reviews,e_retailer,client,market,type,position,listing_url,page
2149057,Braun Silk-épil 1 1170 Epilator,https://www.kruidvat.be/nl/braun-silk-epil-1-1170-epilator/p/2149057,,27.99,https://www.kruidvat.be/medias/prd-front-2149057-1-600x600?context=bWFzdGVyfHByZC1pbWFnZXN8MjQzOTZ8aW1hZ2UvanBlZ3xoMjAvaGMxLzExODcyMzYzNTc3Mzc0L3ByZC1mcm9udC0yMTQ5MDU3LTFfNjAweDYwMHw1MWZjOWRiNmM0NGZjM2JiZDQ3MjYxNWRjZDAxNTk1NzRkYWFlMzhmNGJmNTVjOWU4OTU1YmQxZjQ1MTc4OTM5,4.2667,15,kruidvat.be,P&G,BE,Search,1,https://www.kruidvat.be/nl/search?q=epilator&text=epilator&searchType=manual,1
4843462,Toppers van TV Epi Smooth Epilator,https://www.kruidvat.be/nl/toppers-van-tv-epi-smooth-epilator/p/4843462,,14.99,https://www.kruidvat.be/medias/prd-front-4843462-1-600x600?context=bWFzdGVyfHByZC1pbWFnZXN8MTM5MzV8aW1hZ2UvanBlZ3xoYzEvaGZkLzEyMDE5Njk4NzI4OTkwL3ByZC1mcm9udC00ODQzNDYyLTFfNjAweDYwMHw2ODZlZTdkMmZjYzU1NmQ5MzU3NDBkOGJjMzhiMDk5NDQwNmVlMzVhMTRkOGUxNWJhNzc5ZTMzM2MyYjFiNDA2,1.1803,61,kruidvat.be,P&G,BE,Search,2,https://www.kruidvat.be/nl/search?q=epilator&text=epilator&searchType=manual,1
5465230,"Carmen 2-In-1 Satin Set, Ladyshave",https://www.kruidvat.be/nl/carmen-2-in-1-satin-set-ladyshave/p/5465230,,24.99,https://www.kruidvat.be/medias/prd-front-5465230-1-600x600?context=bWFzdGVyfHByZC1pbWFnZXN8MTczMDN8aW1hZ2UvanBlZ3xoY2QvaGY2LzExODU3NzIxNjg4MDk0L3ByZC1mcm9udC01NDY1MjMwLTFfNjAweDYwMHw2OTVhOGQ4ODhiYTgwODJhNDI1ZjNmMmU3OWUyZjMxZWI2NGZhYTNhOTgzZDZjMGUxZGQ2YWQ0NjUyYzJkMDMw,4.0,1,kruidvat.be,P&G,BE,Search,3,https://www.kruidvat.be/nl/search?q=epilator&text=epilator&searchType=manual,1
4386747,Braun FaceSpa Pro 910 Gezichtsepilator,https://www.kruidvat.be/nl/braun-facespa-pro-910-gezichtsepilator/p/4386747,"wit, zilverkleur",99.99,https://www.kruidvat.be/medias/prd-front-4386747-1-600x600?context=bWFzdGVyfHByZC1pbWFnZXN8MjIwOTJ8aW1hZ2UvanBlZ3xoNWEvaGJmLzEyMDkwMjk1NjQ4Mjg2L3ByZC1mcm9udC00Mzg2NzQ3LTFfNjAweDYwMHw3NGUzYTEzNTMwNDc2MWVlOGJlMDI3NzJkMGZiMjdjZmZlNGE1Njk5N2M1OWVkZDJlMDYxYzQwNGNiNzdkYzA3,4.381,21,kruidvat.be,P&G,BE,Search,4,https://www.kruidvat.be/nl/search?q=epilator&text=epilator&searchType=manual,1
2196790,Nivea Men Sensitive Scheerschuim,https://www.kruidvat.be/nl/nivea-men-sensitive-scheerschuim/p/2196790,250ml,3.89,https://www.kruidvat.be/medias/prd-front-2196790-1-600x600?context=bWFzdGVyfHByZC1pbWFnZXN8MTY1OTV8aW1hZ2UvanBlZ3xoOTIvaDA2LzExODcyNDgzNTQxMDIyL3ByZC1mcm9udC0yMTk2NzkwLTFfNjAweDYwMHxiYjU4ZjJhNmVkNWUxOWNmZGQzOTllZmUwZDVkNDk2OWFkZWJjMDUzYjlhZjk2MjJhNjhhZWQzYjAxMWFjZjhi,3.8889,9,kruidvat.be,P&G,BE,Search,1,https://www.kruidvat.be/nl/search?q=scheerschuim&text=scheerschuim&searchType=manual,1
29421,Gillette Scheerschuim voor de Gevoelige Huid,https://www.kruidvat.be/nl/gillette-scheerschuim-voor-de-gevoelige-huid/p/29421,200ml,2.19,https://www.kruidvat.be/medias/prd-front-29421-1-600x600?context=bWFzdGVyfHByZC1pbWFnZXN8MTc2NzJ8aW1hZ2UvanBlZ3xoYTMvaDZmLzExOTY1OTYwNDU0MTc0L3ByZC1mcm9udC0yOTQyMS0xXzYwMHg2MDB8ZjkxZDBjMDRjNjMyZTVlN2RkMzNhOWJmMDNlNGZhNDdkZGM4ZmQwOTNlNWMwYTgwMGJjMGQ0ZmUxNWE2ZGM2Nw,4.32,25,kruidvat.be,P&G,BE,Search,2,https://www.kruidvat.be/nl/search?q=scheerschuim&text=scheerschuim&searchType=manual,1
20080,Gillette Series Scheerschuim voor de Gevoelige Huid,https://www.kruidvat.be/nl/gillette-series-scheerschuim-voor-de-gevoelige-huid/p/20080,250ml,2.19,https://www.kruidvat.be/medias/prd-front-20080-1-600x600?context=bWFzdGVyfHByZC1pbWFnZXN8MjA3NzN8aW1hZ2UvanBlZ3xoNmYvaGM1LzExOTY0MTAzNTI0MzgyL3ByZC1mcm9udC0yMDA4MC0xXzYwMHg2MDB8ZjExYTM5MzQ2NDU2ZjllMzNkMDVjYWViMTg3ZjYyYTdhMmJhN2VhMDFjNDU4YmQ0OTg5YTIzNTI2ZDFkMGQ1ZQ,4.3385,65,kruidvat.be,P&G,BE,Search,3,https://www.kruidvat.be/nl/search?q=scheerschuim&text=scheerschuim&searchType=manual,1
25213,Gillette Normale Huid Scheerschuim,https://www.kruidvat.be/nl/gillette-normale-huid-scheerschuim/p/25213,300ml,3.29,https://www.kruidvat.be/medias/prd-front-25213-1-600x600?context=bWFzdGVyfHByZC1pbWFnZXN8MTg3Mjl8aW1hZ2UvanBlZ3xoMDYvaDA2LzExOTY0MTA2NjA0NTc0L3ByZC1mcm9udC0yNTIxMy0xXzYwMHg2MDB8OTMyYmNlY2E3MjNiNzllNjNhNTg1OGUyNWIxOWRkOWY1NDFkNGI1NzZhNjhjZjA3MjAwNjdhZTBmZDYwNWVkMQ,4.0,3,kruidvat.be,P&G,BE,Search,4,https://www.kruidvat.be/nl/search?q=scheerschuim&text=scheerschuim&searchType=manual,1
4558877,Wilkinson Sword Intuition Variety Navulscheermesjes,https://www.kruidvat.be/nl/wilkinson-sword-intuition-variety-navulscheermesjes/p/4558877,4 stuks,12.99,https://www.kruidvat.be/_ui/addons/kvstorefrontaddon/responsive/common/images/missing_product_nl_BE_300x300.png,3.3333,3,kruidvat.be,P&G,BE,Search,5,https://www.kruidvat.be/nl/search?q=scheerschuim&text=scheerschuim&searchType=manual,1
4038224,Wilkinson Sword Intuition Sensitive Scheermesje,https://www.kruidvat.be/nl/wilkinson-sword-intuition-sensitive-scheermesje/p/4038224,,12.49,https://www.kruidvat.be/medias/prd-front-4038224-1-600x600?context=bWFzdGVyfHByZC1pbWFnZXN8MzA3OTJ8aW1hZ2UvanBlZ3xoOTUvaDI5LzExOTc3MDQ0NTU3ODU0L3ByZC1mcm9udC00MDM4MjI0LTFfNjAweDYwMHxkYWYxZGRhYjI1NDgxYTlhNmJjN2Y1ZGU4ZmUyMjQ5NGViMjc0NWE4YzczZDRmNzAwMzVlZWYyMDdjY2IwZjEz,4.5,2,kruidvat.be,P&G,BE,Search,6,https://www.kruidvat.be/nl/search?q=scheerschuim&text=scheerschuim&searchType=manual,1
3418416,Gillette Venus ComfortGlide Breeze Scheermesjes,https://www.kruidvat.be/nl/gillette-venus-comfortglide-breeze-scheermesjes/p/3418416,8 stuks,37.99,https://www.kruidvat.be/medias/prd-front-3418416-1-600x600?context=bWFzdGVyfHByZC1pbWFnZXN8NDU5NjJ8aW1hZ2UvanBlZ3xoYzEvaDdkLzExODgyMzQ3OTU0MjA2L3ByZC1mcm9udC0zNDE4NDE2LTFfNjAweDYwMHwxOTk2NzQ2ZWZlZDU1MTkwZjQ2Nzk0ODZmZmJkZWQxYjVmY2MxOGJjYWZlZDEwNTA2NDQyNWIwNjBlZTgxMmJi,4.6938,1816,kruidvat.be,P&G,BE,Search,7,https://www.kruidvat.be/nl/search?q=scheerschuim&text=scheerschuim&searchType=manual,1
3876636,Braun Series 3 ProSkin 3010s Scheerapparaat,https://www.kruidvat.be/nl/braun-series-3-proskin-3010s-scheerapparaat/p/3876636,,99.99,https://www.kruidvat.be/medias/prd-front-3876636-1-600x600?context=bWFzdGVyfHByZC1pbWFnZXN8NDk2OTd8aW1hZ2UvanBlZ3xoNmQvaDViLzEyMDM5NjQ2MDE5NjE0L3ByZC1mcm9udC0zODc2NjM2LTFfNjAweDYwMHw5MzkzNjBiOWZhZjI4YWQ2ODZjZDdmZDM1ZGFjOGYxMjFmZDc0MDJhNDk4NzBlNTA4OWQ5NWU0ZDdkNjY5OTUw,4.0256,39,kruidvat.be,P&G,BE,Search,8,https://www.kruidvat.be/nl/search?q=scheerschuim&text=scheerschuim&searchType=manual,1
5423545,Veet Men Ontharingscrème,https://www.kruidvat.be/nl/veet-men-ontharingscreme/p/5423545,400g,14.70,https://www.kruidvat.be/medias/prd-front-5423545-1-600x600?context=bWFzdGVyfHByZC1pbWFnZXN8NTU5ODN8aW1hZ2UvanBlZ3xoNWEvaDVhLzEyNTAwNzM2MTQ3NDg2L3ByZC1mcm9udC01NDIzNTQ1LTFfNjAweDYwMHwwZTI0MGQ3ZGE3ZTNjMGZkOTZmODRiOTM0NTU5Yjk4ZDYwMjI2ZWViMWEwOWI0YmZmOTNjMzNhYjgyYzVlODE0,,,kruidvat.be,P&G,BE,Search,9,https://www.kruidvat.be/nl/search?q=scheerschuim&text=scheerschuim&searchType=manual,1
4088673,Gillette Venus Satin Care Scheergel voor de Gevoelige Huid,https://www.kruidvat.be/nl/gillette-venus-satin-care-scheergel-voor-de-gevoelige-huid/p/4088673,2 x 200ml,5.19,https://www.kruidvat.be/medias/prd-front-4088673-1-600x600?context=bWFzdGVyfHByZC1pbWFnZXN8Mzc4MzN8aW1hZ2UvanBlZ3xoZDgvaGUwLzEyMDcwMzQzMDgyMDE0L3ByZC1mcm9udC00MDg4NjczLTFfNjAweDYwMHwxMmY0MGY5OGJlYzg4NmEwZDNlNWQ5MTcwMjZhZmE2Y2Q2ZmMzMjFmM2I0YzJiOGEzMzNkM2Y2N2RhNmUwMTVj,5.0,2,kruidvat.be,P&G,BE,Search,10,https://www.kruidvat.be/nl/search?q=scheerschuim&text=scheerschuim&searchType=manual,1
3532138,Gillette Fusion Scheergel,https://www.kruidvat.be/nl/gillette-fusion-scheergel/p/3532138,2 x 200ml,8.00,https://www.kruidvat.be/medias/prd-front-3532138-1-600x600?context=bWFzdGVyfHByZC1pbWFnZXN8MTE3OTIyfGltYWdlL2pwZWd8aDY3L2hkOS8xMTg2OTM1OTg5ODY1NC9wcmQtZnJvbnQtMzUzMjEzOC0xXzYwMHg2MDB8OTRiODJiNDIxYjY3MjA3ZDE3ODU1ZjlhZjQ5NjkxZWM0MjljOGFmNTJjM2RmOWNjZWY0ODZhNmI4N2IzYjlmZQ,4.3333,9,kruidvat.be,P&G,BE,Search,11,https://www.kruidvat.be/nl/search?q=scheerschuim&text=scheerschuim&searchType=manual,1
17476,Palmolive For Men Classic Scheercrème,https://www.kruidvat.be/nl/palmolive-for-men-classic-scheercreme/p/17476,100ml,2.49,https://www.kruidvat.be/medias/prd-front-17476-1-600x600?context=bWFzdGVyfHByZC1pbWFnZXN8Mjg1NTh8aW1hZ2UvanBlZ3xoNDAvaDFmLzExOTY0NDUyNDM4MDQ2L3ByZC1mcm9udC0xNzQ3Ni0xXzYwMHg2MDB8YTZhMjRiZjU0MGNhZWRhMGRhYWJkNDE2N2I2NDdkNzFkZTBkNTY2MWE4MDUyMmM3MjYwOTRhNmVjOWE2MWJiNg,4.8571,7,kruidvat.be,P&G,BE,Search,12,https://www.kruidvat.be/nl/search?q=scheerschuim&text=scheerschuim&searchType=manual,1
5385815,Australian Bodycare,https://www.kruidvat.be/nl/australian-bodycare-/p/5385815,100ml,12.99,https://www.kruidvat.be/_ui/addons/kvstorefrontaddon/responsive/common/images/missing_product_nl_BE_300x300.png,3.5,2,kruidvat.be,P&G,BE,Search,13,https://www.kruidvat.be/nl/search?q=scheerschuim&text=scheerschuim&searchType=manual,1
5385129,Australian Bodycare,https://www.kruidvat.be/nl/australian-bodycare-/p/5385129,100ml,9.99,https://www.kruidvat.be/_ui/addons/kvstorefrontaddon/responsive/common/images/missing_product_nl_BE_300x300.png,4.25,4,kruidvat.be,P&G,BE,Search,14,https://www.kruidvat.be/nl/search?q=scheerschuim&text=scheerschuim&searchType=manual,1
4340372,Gillette Fusion Ultra Hydraterende Gel,https://www.kruidvat.be/nl/gillette-fusion-ultra-hydraterende-gel/p/4340372,200ml,6.69,https://www.kruidvat.be/medias/prd-front-4340372-1-600x600?context=bWFzdGVyfHByZC1pbWFnZXN8MjEzMDZ8aW1hZ2UvanBlZ3xoNzYvaGNiLzEyMDg0MjgxMjQ1NzI2L3ByZC1mcm9udC00MzQwMzcyLTFfNjAweDYwMHwxNzY2ZjFiNWIwZjAwYmVlMjFhNTExY2QxYzg5NDFkNTZjY2M4MTA0Y2I1ZGUyNmI2MTZiMDlmMGRlMDI1OGFh,5.0,1,kruidvat.be,P&G,BE,Search,15,https://www.kruidvat.be/nl/search?q=scheerschuim&text=scheerschuim&searchType=manual,1
3326625,Gillette Fusion ProGlide 2in1 Hydrating Scheergel,https://www.kruidvat.be/nl/gillette-fusion-proglide-2in1-hydrating-scheergel/p/3326625,200ml,5.49,https://www.kruidvat.be/medias/prd-front-3326625-1-600x600?context=bWFzdGVyfHByZC1pbWFnZXN8MTk1MzN8aW1hZ2UvanBlZ3xoYzUvaDUyLzExODU0MDExMTcwODQ2L3ByZC1mcm9udC0zMzI2NjI1LTFfNjAweDYwMHxjY2RlNThmOGQyNDFiZGFkZDllZmYyMjI5MmFjYmQwYTIwOTdkMDY1NWY3NTQ3M2YwNTQwMjQ3Yzc4YjU4YTc0,4.125,24,kruidvat.be,P&G,BE,Search,16,https://www.kruidvat.be/nl/search?q=scheerschuim&text=scheerschuim&searchType=manual,1
3326583,Gillette Fusion ProGlide 2in1 Cooling Scheergel,https://www.kruidvat.be/nl/gillette-fusion-proglide-2in1-cooling-scheergel/p/3326583,200ml,5.49,https://www.kruidvat.be/medias/prd-front-3326583-1-600x600?context=bWFzdGVyfHByZC1pbWFnZXN8MjAwOTZ8aW1hZ2UvanBlZ3xoNjcvaDE1LzExODU0MDE1OTg3NzQyL3ByZC1mcm9udC0zMzI2NTgzLTFfNjAweDYwMHwyOWJmOTJiZDgzYTZlODQ2NTVlYWJlNmFkNGJhZTA3ZGFkMjdiY2E3YmU4OWU3NzFhODZiOWM3MjQyMjRmYjNl,3.0,2,kruidvat.be,P&G,BE,Search,17,https://www.kruidvat.be/nl/search?q=scheerschuim&text=scheerschuim&searchType=manual,1
20085,Gillette Scheergel voor de Normale Huid,https://www.kruidvat.be/nl/gillette-scheergel-voor-de-normale-huid/p/20085,200ml,2.49,https://www.kruidvat.be/medias/prd-front-20085-1-600x600?context=bWFzdGVyfHByZC1pbWFnZXN8MTY4Mjl8aW1hZ2UvanBlZ3xoZWQvaDdhLzExOTY0MTA3OTgwODMwL3ByZC1mcm9udC0yMDA4NS0xXzYwMHg2MDB8NDc4MjkxMjYzMjMzYTE5YzZjNjBlMTQ5Yjc1M2M3MTMyNzk2ZGM4ZjhkODJkYjViYzQ0MzM4OTAzM2JhNWI5MQ,2.3333,3,kruidvat.be,P&G,BE,Search,18,https://www.kruidvat.be/nl/search?q=scheerschuim&text=scheerschuim&searchType=manual,1
20084,Gillette Scheergel voor de Gevoelige Huid,https://www.kruidvat.be/nl/gillette-scheergel-voor-de-gevoelige-huid/p/20084,200ml,2.39,https://www.kruidvat.be/medias/prd-front-20084-1-600x600?context=bWFzdGVyfHByZC1pbWFnZXN8NDAyNTh8aW1hZ2UvanBlZ3xoNGIvaGFlLzEyMzQxMTY3MDk1ODM4L3ByZC1mcm9udC0yMDA4NC0xXzYwMHg2MDB8MzA3NWNjZTlhMzQzNWNjMDM5OGExMWRlZjhhM2ZiMTQzMjNiZGI1ZjQ4YzFkMjI0ODA5NjQ3OTQ4NGVkYTkyZQ,4.4,10,kruidvat.be,P&G,BE,Search,19,https://www.kruidvat.be/nl/search?q=scheerschuim&text=scheerschuim&searchType=manual,1
1816200,Gillette Venus Satin Care Scheergel voor een Droge Huid,https://www.kruidvat.be/nl/gillette-venus-satin-care-scheergel-voor-een-droge-huid/p/1816200,200ml,3.89,https://www.kruidvat.be/medias/prd-front-1816200-1-600x600?context=bWFzdGVyfHByZC1pbWFnZXN8MTgxNzV8aW1hZ2UvanBlZ3xoZGIvaDEwLzExODcwNTUxMjQ0ODMwL3ByZC1mcm9udC0xODE2MjAwLTFfNjAweDYwMHxkM2FiMzc2Mzc4OTlmMGQwMGI3M2VjZWI5MDMwMjg3NzQxZTYyMGU2ZDllYWE4YzA2N2E2ZmE2NTI3ZjMzNTFk,5.0,2,kruidvat.be,P&G,BE,Search,20,https://www.kruidvat.be/nl/search?q=scheerschuim&text=scheerschuim&searchType=manual,1
4713822,Pampers Aqua Pure Babydoekjes,https://www.kruidvat.be/nl/pampers-aqua-pure-babydoekjes/p/4713822,48 stuks,3.09,https://www.kruidvat.be/medias/prd-front-4713822-1-600x600?context=bWFzdGVyfHByZC1pbWFnZXN8NDgzNjV8aW1hZ2UvanBlZ3xoNGMvaDkwLzExODY4OTk5ODQzODcwL3ByZC1mcm9udC00NzEzODIyLTFfNjAweDYwMHxhMDYwMmRjYjhlMTQ5OTc3YjM4MDA0MzM2Zjc1NjdkMDE1ZWQxMzU2ZWYzNTAwZTU0ZmU3MDkzNWMzMTFkNmE3,4.7821,78,kruidvat.be,P&G,BE,Search,1,https://www.kruidvat.be/nl/search?q=babydoekjes&text=babydoekjes&searchType=manual,1
4945361,Pampers Aqua Pure Babydoekjes,https://www.kruidvat.be/nl/pampers-aqua-pure-babydoekjes/p/4945361,9 x 48 stuks,24.99,https://www.kruidvat.be/medias/prd-front-4945361-1-600x600?context=bWFzdGVyfHByZC1pbWFnZXN8NjUwMTV8aW1hZ2UvanBlZ3xoZjYvaDkxLzExODY4OTk3NTUwMTEwL3ByZC1mcm9udC00OTQ1MzYxLTFfNjAweDYwMHw0ODIyMWZjYTM0M2RlZWJkY2E1YTEyNjQxOTU4ZDRlMmI0NjJjMDg2ZDVlZTAxZTgyOWMwYWMwNjZhOTc3MDg4,4.7879,33,kruidvat.be,P&G,BE,Search,2,https://www.kruidvat.be/nl/search?q=babydoekjes&text=babydoekjes&searchType=manual,1
5128649,Pampers Aqua Pure Babydoekjes,https://www.kruidvat.be/nl/pampers-aqua-pure-babydoekjes/p/5128649,18 x 48 stuks,50.19,https://www.kruidvat.be/medias/prd-front-5128649-1-600x600?context=bWFzdGVyfHByZC1pbWFnZXN8NzgzODd8aW1hZ2UvanBlZ3xoOTkvaDRmLzExODY4OTk1MTI1Mjc4L3ByZC1mcm9udC01MTI4NjQ5LTFfNjAweDYwMHw0YTQ5YjIwMzJkNzljNTdlMjdlOGI3MjdkYjhmOWJhYjc2OTExYWNkNjQ2MTY3ZjcwOThlNmY5NzJiYTgwNGE1,4.7701,87,kruidvat.be,P&G,BE,Search,3,https://www.kruidvat.be/nl/search?q=babydoekjes&text=babydoekjes&searchType=manual,1
5313477,Pampers Pure Coconut Babydoekjes,https://www.kruidvat.be/nl/pampers-pure-coconut-babydoekjes/p/5313477,18 x 42 stuks,51.49,https://www.kruidvat.be/medias/prd-front-5313477-1-600x600?context=bWFzdGVyfHByZC1pbWFnZXN8NzIyMDR8aW1hZ2UvanBlZ3xoOTIvaGM3LzEyMzA4NzM5NDI0Mjg2L3ByZC1mcm9udC01MzEzNDc3LTFfNjAweDYwMHwxYWVhZjhiZTRjMzU0ZTAyZGM1ZWYyMmFjOTEwMDA4YjA5YmZiYWJjZDZkNThmZDc5MjJkYWY4MWI4NmM4ZjM3,4.7674,43,kruidvat.be,P&G,BE,Search,4,https://www.kruidvat.be/nl/search?q=babydoekjes&text=babydoekjes&searchType=manual,1
5500356,Huggies Natural Babydoekjes,https://www.kruidvat.be/nl/huggies-natural-babydoekjes/p/5500356,48 stuks,2.79,https://www.kruidvat.be/medias/prd-front-5500356-1-600x600?context=bWFzdGVyfHByZC1pbWFnZXN8ODEwNTR8aW1hZ2UvanBlZ3xoOWQvaDI5LzEyMDI0MzkwNjgwNjA2L3ByZC1mcm9udC01NTAwMzU2LTFfNjAweDYwMHwzYzU1ZTM0YTcwMDg1YjQ4ZjQ1NTEyZGFjYzI2NmJjZjg1MzliNjJmMjRlZDdmYTJlNmQ5ODU5NDk3YzhhZWM1,5.0,1,kruidvat.be,P&G,BE,Search,5,https://www.kruidvat.be/nl/search?q=babydoekjes&text=babydoekjes&searchType=manual,1
5523904,Naïf Babydoekjes,https://www.kruidvat.be/nl/naif-babydoekjes/p/5523904,8 x 54 stuks,27.49,https://www.kruidvat.be/medias/prd-front-5523904-1-600x600?context=bWFzdGVyfHByZC1pbWFnZXN8NDQxMjZ8aW1hZ2UvanBlZ3xoYWIvaGJlLzExOTA4NTIyNDEwMDE0L3ByZC1mcm9udC01NTIzOTA0LTFfNjAweDYwMHw1YzNlNmJhMjY5NTA4ZTA1YTlmZjcxN2EwYmU3NGNiMWQ0Mjk5NWU1ZTMyZWNiMDBkYmZmNGRiOTM1NGU5ZDE0,,,kruidvat.be,P&G,BE,Search,6,https://www.kruidvat.be/nl/search?q=babydoekjes&text=babydoekjes&searchType=manual,1
5516631,Naïf Babydoekjes,https://www.kruidvat.be/nl/naif-babydoekjes/p/5516631,54 stuks,3.49,https://www.kruidvat.be/medias/prd-front-5516631-1-600x600?context=bWFzdGVyfHByZC1pbWFnZXN8NDIwNTl8aW1hZ2UvanBlZ3xoMDEvaGJlLzExOTA5MDU5NzcyNDQ2L3ByZC1mcm9udC01NTE2NjMxLTFfNjAweDYwMHxiOGEzMGRkOTYyZWJjNWExZTkxMmJiNmIwNGMyNGUzYWYwN2U4OGI5MWZiZjE1ZGYwMjY4ZTg1NmI4NTk2NDYw,,,kruidvat.be,P&G,BE,Search,7,https://www.kruidvat.be/nl/search?q=babydoekjes&text=babydoekjes&searchType=manual,1
5516624,Naïf Babydoekjes,https://www.kruidvat.be/nl/naif-babydoekjes/p/5516624,3 x 54 stuks,10.49,https://www.kruidvat.be/medias/prd-front-5516624-1-600x600?context=bWFzdGVyfHByZC1pbWFnZXN8NDY5MjJ8aW1hZ2UvanBlZ3xoMWIvaGNiLzExOTA4OTUzODk5MDM4L3ByZC1mcm9udC01NTE2NjI0LTFfNjAweDYwMHw1NGRmOGRjMzBiOWM1OTQ2NjZhODE1NGU0ZjZhNjY2Yjc2N2Y3MGNkYjU4Y2RhOTJkODJmMTU1OGUwMjQ2ODUz,,,kruidvat.be,P&G,BE,Search,8,https://www.kruidvat.be/nl/search?q=babydoekjes&text=babydoekjes&searchType=manual,1
5516610,Naïf Babydoekjes,https://www.kruidvat.be/nl/naif-babydoekjes/p/5516610,16 x 54 stuks,55.84,https://www.kruidvat.be/medias/prd-front-5516610-1-600x600?context=bWFzdGVyfHByZC1pbWFnZXN8NDUwMTF8aW1hZ2UvanBlZ3xoZjQvaGEyLzEyMDMxOTg4MDA2OTQyL3ByZC1mcm9udC01NTE2NjEwLTFfNjAweDYwMHw0YjY4YjIyMWExNmNlNGY2YmY2ODkyNjNjMzZkNzY5YWQ2NjdjNjhjNmJlYWJiNTc0Njg2ZmE0MzA1YmQzOGVj,5.0,1,kruidvat.be,P&G,BE,Search,9,https://www.kruidvat.be/nl/search?q=babydoekjes&text=babydoekjes&searchType=manual,1
5488939,Huggies Natural Care Babydoekjes,https://www.kruidvat.be/nl/huggies-natural-care-babydoekjes/p/5488939,8 x 48 stuks,7.50,https://www.kruidvat.be/medias/prd-front-5488939-1-600x600?context=bWFzdGVyfHByZC1pbWFnZXN8MTE3NzgzfGltYWdlL2pwZWd8aDYxL2g0MS8xMjAyMTA4MDA2NDAzMC9wcmQtZnJvbnQtNTQ4ODkzOS0xXzYwMHg2MDB8NmJkMjhhZWFlZDBlZjIxMTEyY2JiNDA1MzRjOTU5YjYyZDViMzc4Y2VjMTZkMzJhODczM2EyYjBkYWY2NmZiOA,,,kruidvat.be,P&G,BE,Search,10,https://www.kruidvat.be/nl/search?q=babydoekjes&text=babydoekjes&searchType=manual,1
5567192,Pampers Harmonie Aqua Babydoekjes,https://www.kruidvat.be/nl/pampers-harmonie-aqua-babydoekjes/p/5567192,15 x 48 stuks,45.82,https://www.kruidvat.be/medias/prd-front-5567192-1-600x600?context=bWFzdGVyfHByZC1pbWFnZXN8NzYxNzN8aW1hZ2UvanBlZ3xoYjEvaGMxLzEyNTY2ODU1ODExMTAyL3ByZC1mcm9udC01NTY3MTkyLTFfNjAweDYwMHw4NzgzYjAyMzQ2M2M4OTA5NWUzMzNmMDdmN2JhZTU4NWQ2ZTkwN2NlOGNhYjNjNDBmNGI2Mjk1ODgxMzg4NmUy,,,kruidvat.be,P&G,BE,Search,11,https://www.kruidvat.be/nl/search?q=babydoekjes&text=babydoekjes&searchType=manual,1
5567199,Pampers Harmonie Aqua Babydoekjes,https://www.kruidvat.be/nl/pampers-harmonie-aqua-babydoekjes/p/5567199,48 stuks,3.29,https://www.kruidvat.be/medias/prd-front-5567199-1-600x600?context=bWFzdGVyfHByZC1pbWFnZXN8NTA1Mjh8aW1hZ2UvanBlZ3xoMWYvaDI1LzEyNTY3MjA1ODM4ODc4L3ByZC1mcm9udC01NTY3MTk5LTFfNjAweDYwMHxjYzliYjZmMDdhNmMwY2I4NmNiZjI5ODU1NDE5MjQxZjVkODkzNzY1NzJjMGI1NGVkMWNjZDk0YThmNDQ3ZGM5,,,kruidvat.be,P&G,BE,Search,12,https://www.kruidvat.be/nl/search?q=babydoekjes&text=babydoekjes&searchType=manual,1
5478565,Pampers Aqua Pure Babydoekjes,https://www.kruidvat.be/nl/pampers-aqua-pure-babydoekjes/p/5478565,3 x 48 stuks,5.99,https://www.kruidvat.be/medias/prd-front-5478565-1-600x600?context=bWFzdGVyfHByZC1pbWFnZXN8NDk1OTB8aW1hZ2UvanBlZ3xoMGIvaGViLzEyNTM1NjI1NzQ0NDE0L3ByZC1mcm9udC01NDc4NTY1LTFfNjAweDYwMHw0ZDkwYTEzMjI1OWEwZmUzMmYyMGQxOWUwMDc2MjI4Njg1NDhlMWQ3NTJmZmQ5NGNjY2FkYzdlOTJjZDhjYTgw,4.4286,21,kruidvat.be,P&G,BE,Search,13,https://www.kruidvat.be/nl/search?q=babydoekjes&text=babydoekjes&searchType=manual,1
5478558,Pampers Sensitive Babydoekjes,https://www.kruidvat.be/nl/pampers-sensitive-babydoekjes/p/5478558,3 x 52 stuks,4.99,https://www.kruidvat.be/medias/prd-front-5478558-1-600x600?context=bWFzdGVyfHByZC1pbWFnZXN8NTIxODN8aW1hZ2UvanBlZ3xoMjEvaGY0LzEyNTM2NzY5NzA4MDYyL3ByZC1mcm9udC01NDc4NTU4LTFfNjAweDYwMHw1NjkzZTQ5MWJhNzA2NjIyMWZlOGJhMzM5YjMwMTg4MzQxNjM2NWMyZDc3Y2I0Nzk2NTIyOTc0NDgzYjE1Mjdl,4.6333,60,kruidvat.be,P&G,BE,Search,14,https://www.kruidvat.be/nl/search?q=babydoekjes&text=babydoekjes&searchType=manual,1
5478544,WaterWipes Babydoekjes,https://www.kruidvat.be/nl/waterwipes-babydoekjes/p/5478544,28 stuks,1.99,https://www.kruidvat.be/medias/prd-front-5478544-1-600x600?context=bWFzdGVyfHByZC1pbWFnZXN8MjI3NzN8aW1hZ2UvanBlZ3xoOWMvaGVkLzExODYxMzk5NDA0NTc0L3ByZC1mcm9udC01NDc4NTQ0LTFfNjAweDYwMHw4YTA0ODI4YjRiNGNhYTAwNjlhYTRlMzA0MmE4MmEzNTg3NzUxOTJkNjg1NDE1NGM2Zjk4NWU0NmI1YjczNmVj,4.2222,9,kruidvat.be,P&G,BE,Search,15,https://www.kruidvat.be/nl/search?q=babydoekjes&text=babydoekjes&searchType=manual,1
5492824,Waterwipes Babydoekjes,https://www.kruidvat.be/nl/waterwipes-babydoekjes/p/5492824,9 x 60 stuks,29.99,https://www.kruidvat.be/medias/prd-front-5492824-1-600x600?context=bWFzdGVyfHByZC1pbWFnZXN8MjkwNzB8aW1hZ2UvanBlZ3xoMWEvaGQ2LzExODY4NTg3ODE5MDM4L3ByZC1mcm9udC01NDkyODI0LTFfNjAweDYwMHw4YWU0M2JlM2RhY2I1Njg1NTUyZjdjM2Q3NzZiMDc1NGRiMGMxMGM2ZmMwOWYyMGYxN2IxZDBjM2QzYjFkZGQw,,,kruidvat.be,P&G,BE,Search,16,https://www.kruidvat.be/nl/search?q=babydoekjes&text=babydoekjes&searchType=manual,1
5476213,WaterWipes Babydoekjes,https://www.kruidvat.be/nl/waterwipes-babydoekjes/p/5476213,3 x 60 stuks,10.99,https://www.kruidvat.be/medias/prd-front-5476213-1-600x600?context=bWFzdGVyfHByZC1pbWFnZXN8MzQ5NzN8aW1hZ2UvanBlZ3xoYjEvaDg3LzExODYxMzgwMzY2MzY2L3ByZC1mcm9udC01NDc2MjEzLTFfNjAweDYwMHxjN2NjYmIxYjYxZDM2Yjc2MDg5MWMyOTYwN2YwYjk5OWU2NmU1NDAxOGE3ODI0ZDg1MGQ1NzBjMmUyOGE2ZTJh,,,kruidvat.be,P&G,BE,Search,17,https://www.kruidvat.be/nl/search?q=babydoekjes&text=babydoekjes&searchType=manual,1
667926,Kruidvat Geparfumeerde Luierzakjes,https://www.kruidvat.be/nl/kruidvat-geparfumeerde-luierzakjes/p/667926,100 stuks,2.29,https://www.kruidvat.be/medias/prd-front-667926-1-600x600?context=bWFzdGVyfHByZC1pbWFnZXN8MzY4NDZ8aW1hZ2UvanBlZ3xoN2IvaGVmLzEyMDY5ODE5Nzc3MDU0L3ByZC1mcm9udC02Njc5MjYtMV82MDB4NjAwfDc0MTBmOTNmMTVjOWNkYmVlMmY2YjI3NGNhMzA3M2MzMWRkNmMzMzUyMWI3MGI5YWVlMDE5ODg0ZDQzOTYzYjc,4.5,14,kruidvat.be,P&G,BE,Search,18,https://www.kruidvat.be/nl/search?q=babydoekjes&text=babydoekjes&searchType=manual,1
5480042,Dermo Care Bamboo Baby Doekjes,https://www.kruidvat.be/nl/dermo-care-bamboo-baby-doekjes/p/5480042,40 stuks,2.49,https://www.kruidvat.be/medias/prd-front-5480042-1-600x600?context=bWFzdGVyfHByZC1pbWFnZXN8ODE3Njd8aW1hZ2UvanBlZ3xoOTYvaDllLzExODYwNTYwODM4Njg2L3ByZC1mcm9udC01NDgwMDQyLTFfNjAweDYwMHxmYTY4MDk5YzgwM2IxZWMwM2YwZjJkOGNiMDIyYjZmYmIwMDQ3NTFjNzljYWQ4ZTU5ODY1NWVkZTUxZWRkNjc1,,,kruidvat.be,P&G,BE,Search,19,https://www.kruidvat.be/nl/search?q=babydoekjes&text=babydoekjes&searchType=manual,1
5476185,WaterWipes Snoetendoekjes,https://www.kruidvat.be/nl/waterwipes-snoetendoekjes/p/5476185,60 stuks,3.99,https://www.kruidvat.be/medias/prd-front-5476185-1-600x600?context=bWFzdGVyfHByZC1pbWFnZXN8MjQ5MzJ8aW1hZ2UvanBlZ3xoZTEvaGMyLzExODYxMzAzMDk5NDIyL3ByZC1mcm9udC01NDc2MTg1LTFfNjAweDYwMHw0OTU4ZTEzYjdhNjM5ZTdiM2RmNTllMGE1MTUwZDNmZWFjNDhkMDc0NGIwYzRmYzdhMzA2MDI4MjZiZDJhY2Ew,,,kruidvat.be,P&G,BE,Search,20,https://www.kruidvat.be/nl/search?q=babydoekjes&text=babydoekjes&searchType=manual,1
16838,Garnier Ultra Doux Lindebloesem Shampoo,https://www.kruidvat.be/nl/garnier-ultra-doux-lindebloesem-shampoo/p/16838,250ml,2.89,https://www.kruidvat.be/medias/prd-front-16838-1-600x600?context=bWFzdGVyfHByZC1pbWFnZXN8NjgyMzB8aW1hZ2UvanBlZ3xoYmQvaGJkLzEyODU1ODQ4NTM0MDQ2L3ByZC1mcm9udC0xNjgzOC0xXzYwMHg2MDB8NGUwZGZjYWY5YzQzNDc0MGUwMzRjNGFhZDdjY2IzYTFkZmQzYmE4N2RmN2QwZTY5YmExMWUxMWZlYzI2ZmYxYw,,,kruidvat.be,P&G,BE,Search,1,https://www.kruidvat.be/nl/search?q=shampoo&text=shampoo&searchType=manual,1
31477,Garnier Ultra Doux Pompelmoes Shampoo,https://www.kruidvat.be/nl/garnier-ultra-doux-pompelmoes-shampoo/p/31477,250ml,2.69,https://www.kruidvat.be/medias/prd-front-31477-1-600x600?context=bWFzdGVyfHByZC1pbWFnZXN8NzM1ODd8aW1hZ2UvanBlZ3xoZGMvaDc4LzEyODUxMzc1Mjc2MDYyL3ByZC1mcm9udC0zMTQ3Ny0xXzYwMHg2MDB8NTllNzBjM2Y0ZGE5NTA4MzMxYTRhNTI3YzNkNGFlZGNkNGYwZWFiYmZmMzQzYzhiOTc5MDgwODEzMzcwMmNkNw,,,kruidvat.be,P&G,BE,Search,2,https://www.kruidvat.be/nl/search?q=shampoo&text=shampoo&searchType=manual,1
3685837,Garnier Ultra Doux Mythische Olijven Shampoo,https://www.kruidvat.be/nl/garnier-ultra-doux-mythische-olijven-shampoo/p/3685837,250ml,3.29,https://www.kruidvat.be/medias/prd-front-3685837-1-600x600?context=bWFzdGVyfHByZC1pbWFnZXN8NjM2NDd8aW1hZ2UvanBlZ3xoZjQvaDQyLzExODk1MDA1MjQ5NTY2L3ByZC1mcm9udC0zNjg1ODM3LTFfNjAweDYwMHxkZmEyZTI3NmY1NWMyMzZjZjhmNzVlOGNhMWM3MWI5MmZhODliZGZhZGI4ODdhYmZkMmI1MjA2OTEzYjA1NjM0,,,kruidvat.be,P&G,BE,Search,3,https://www.kruidvat.be/nl/search?q=shampoo&text=shampoo&searchType=manual,1
3685802,Garnier Ultra Doux Kamille Shampoo,https://www.kruidvat.be/nl/garnier-ultra-doux-kamille-shampoo/p/3685802,250ml,2.59,https://www.kruidvat.be/medias/prd-front-3685802-1-600x600?context=bWFzdGVyfHByZC1pbWFnZXN8MjMzMjcyfGltYWdlL2pwZWd8aDk1L2gzMS8xMTg5NTAwNTc3Mzg1NC9wcmQtZnJvbnQtMzY4NTgwMi0xXzYwMHg2MDB8NWZhODk3ZDM2ZTdjOTZjMDhjYTVmZjVhMWQwZTg1ZjM5NjRkZGFiMTkzNDEzMzlhNDY4Mzg3ZDFiYzFlMjNkOA,,,kruidvat.be,P&G,BE,Search,4,https://www.kruidvat.be/nl/search?q=shampoo&text=shampoo&searchType=manual,1
4043040,Garnier Ultra Doux Helende Esdoorn Shampoo,https://www.kruidvat.be/nl/garnier-ultra-doux-helende-esdoorn-shampoo/p/4043040,250ml,3.39,https://www.kruidvat.be/medias/prd-front-4043040-1-600x600?context=bWFzdGVyfHByZC1pbWFnZXN8NzY1OTd8aW1hZ2UvanBlZ3xoZjcvaDRmLzExOTE2Mzg4ODI3MTY2L3ByZC1mcm9udC00MDQzMDQwLTFfNjAweDYwMHw3OGUzOTIwNDZiMjk3ZWNjYTFkY2ZjMmI0YTViMzJmZWU2ZjM4Yzg4MGYxNmVlOWVjYjM2ZDk3NjQyMGIzM2Vk,4.0,2,kruidvat.be,P&G,BE,Search,5,https://www.kruidvat.be/nl/search?q=shampoo&text=shampoo&searchType=manual,1
4661812,Garnier Ultra Doux Amandel Shampoo,https://www.kruidvat.be/nl/garnier-ultra-doux-amandel-shampoo/p/4661812,250ml,3.39,https://www.kruidvat.be/medias/prd-front-4661812-1-600x600?context=bWFzdGVyfHByZC1pbWFnZXN8MjM1MDl8aW1hZ2UvanBlZ3xoMWEvaDBiLzEyMTAxNzUyNTIwNzM0L3ByZC1mcm9udC00NjYxODEyLTFfNjAweDYwMHw4NmJjNTAxZThiYWI0ODI2MDQ1ODU0NzY5ZTAwY2NiNTQwYjUxMzNlYjExODVjMjZjYmI2YzhjYzMxNjhmMzg3,,,kruidvat.be,P&G,BE,Search,6,https://www.kruidvat.be/nl/search?q=shampoo&text=shampoo&searchType=manual,1
3685788,Garnier Ultra Doux Arganolie en Cranberry Shampoo,https://www.kruidvat.be/nl/garnier-ultra-doux-arganolie-en-cranberry-shampoo/p/3685788,250ml,3.39,https://www.kruidvat.be/medias/prd-front-3685788-1-600x600?context=bWFzdGVyfHByZC1pbWFnZXN8MzUzNDV8aW1hZ2UvanBlZ3xoZWQvaDliLzExODk1MDA0NzI1Mjc4L3ByZC1mcm9udC0zNjg1Nzg4LTFfNjAweDYwMHw0NzZjMzQ3MzkwMTBkOGZkYjkzOWNmNzQ0NmY3YzM1NTI0ZTg5ZDZhMzFiYjMwZmI1ODgyYjVkOWJkMDJkNjJl,,,kruidvat.be,P&G,BE,Search,7,https://www.kruidvat.be/nl/search?q=shampoo&text=shampoo&searchType=manual,1
3685823,Garnier Ultra Doux Klei Cedercitroen Shampoo,https://www.kruidvat.be/nl/garnier-ultra-doux-klei-cedercitroen-shampoo/p/3685823,250ml,3.39,https://www.kruidvat.be/medias/prd-front-3685823-1-600x600?context=bWFzdGVyfHByZC1pbWFnZXN8MzA1MTR8aW1hZ2UvanBlZ3xoNWMvaGZlLzExODk1MDAzOTcxNjE0L3ByZC1mcm9udC0zNjg1ODIzLTFfNjAweDYwMHxmMGM0MjMyOTExOTQ4ZmQ0NWY5ZTI1NjA4OGJiNDFiMDA3ZWMyN2YzNWVhYmQ3NTFkYjU5YmZjZDQyYjA5OGMw,,,kruidvat.be,P&G,BE,Search,8,https://www.kruidvat.be/nl/search?q=shampoo&text=shampoo&searchType=manual,1
3685816,Garnier Ultra Doux Zachtheid van Haver Shampoo,https://www.kruidvat.be/nl/garnier-ultra-doux-zachtheid-van-haver-shampoo/p/3685816,250ml,2.89,https://www.kruidvat.be/medias/prd-front-3685816-1-600x600?context=bWFzdGVyfHByZC1pbWFnZXN8NTM5Nzl8aW1hZ2UvanBlZ3xoMWQvaDdjLzExODk1MDAyMTM2NjA2L3ByZC1mcm9udC0zNjg1ODE2LTFfNjAweDYwMHxkZmViNDI3OGI5Zjc4MDM4ODFmODgxYjdlMGU5MWI5YTY1YjE5ZTY2NTNhOTZhMTlkNWQ0NWY3OGY0ZTIwYTA3,,,kruidvat.be,P&G,BE,Search,9,https://www.kruidvat.be/nl/search?q=shampoo&text=shampoo&searchType=manual,1
4714564,Garnier Ultra Doux Parelmoer & Kerselaar Shampoo,https://www.kruidvat.be/nl/garnier-ultra-doux-parelmoer-kerselaar-shampoo/p/4714564,250ml,2.89,https://www.kruidvat.be/medias/prd-front-4714564-1-600x600?context=bWFzdGVyfHByZC1pbWFnZXN8MjMwMDZ8aW1hZ2UvanBlZ3xoMTcvaDBmLzEyMDI3MTAwNjU5NzQyL3ByZC1mcm9udC00NzE0NTY0LTFfNjAweDYwMHw2OWFlMjM1MDYzYjA0OTM0N2ExNzJlYjRhOTU0ZWI5NGJmMDA5ZDhhZmVjOWY1OWM5NjQwMDY2MDdkZWRkZjUw,,,kruidvat.be,P&G,BE,Search,10,https://www.kruidvat.be/nl/search?q=shampoo&text=shampoo&searchType=manual,1
3685774,Garnier Ultra Doux Kids Abrikoos & Katoenbloemen 2-in-1 Shampoo,https://www.kruidvat.be/nl/garnier-ultra-doux-kids-abrikoos-katoenbloemen-2-in-1-shampoo/p/3685774,250ml,3.29,https://www.kruidvat.be/medias/prd-front-3685774-1-600x600?context=bWFzdGVyfHByZC1pbWFnZXN8NjkyNzR8aW1hZ2UvanBlZ3xoZGQvaGU5LzExODk1MDAzMjgzNDg2L3ByZC1mcm9udC0zNjg1Nzc0LTFfNjAweDYwMHxiMTIwNDBhZTllZjVlZDFkNzM4YWI4ZTdkODBmNzE1OTIxMGMyNTVjZDkwOGRjMWI5ODVmODc0NzEzZTdiYmU3,5.0,2,kruidvat.be,P&G,BE,Search,11,https://www.kruidvat.be/nl/search?q=shampoo&text=shampoo&searchType=manual,1
3685795,Garnier Ultra Doux Geheim van Honing Shampoo,https://www.kruidvat.be/nl/garnier-ultra-doux-geheim-van-honing-shampoo/p/3685795,250ml,3.29,https://www.kruidvat.be/medias/prd-front-3685795-1-600x600?context=bWFzdGVyfHByZC1pbWFnZXN8MjM0NTQ4fGltYWdlL2pwZWd8aGQzL2g4ZC8xMTg5NTAwMjY5MzY2Mi9wcmQtZnJvbnQtMzY4NTc5NS0xXzYwMHg2MDB8MzI4OTNkZTJjMjE0MWVjMjNkMTNkOTg1N2FlY2ZiZGM4ZGYxNWQ5YmY0MmNmYzM4OWU0MzE4YTY2YmRjNzJkYQ,5.0,1,kruidvat.be,P&G,BE,Search,12,https://www.kruidvat.be/nl/search?q=shampoo&text=shampoo&searchType=manual,1
5296439,Garnier Ultra Doux Baby & Kids Zachtheid van Haver 2-in-1 Shampoo en Conditioner,https://www.kruidvat.be/nl/garnier-ultra-doux-baby-kids-zachtheid-van-haver-2-in-1-shampoo-en-conditioner/p/5296439,250ml,3.29,https://www.kruidvat.be/medias/prd-front-5296439-1-600x600?context=bWFzdGVyfHByZC1pbWFnZXN8MjYxNTN8aW1hZ2UvanBlZ3xoOGEvaDg4LzExOTAyNTUwODM1MjMwL3ByZC1mcm9udC01Mjk2NDM5LTFfNjAweDYwMHw3YTI1MmE4NTlkY2EyMmExMzAyY2U1NTYxMTJiNDE3ODI1NDM1NDA3OTE2ZGFkYmRmZTA1ZDRhZjk1YTU3Yjlm,,,kruidvat.be,P&G,BE,Search,13,https://www.kruidvat.be/nl/search?q=shampoo&text=shampoo&searchType=manual,1
3685830,Garnier Ultra Doux Sublieme Shampoo,https://www.kruidvat.be/nl/garnier-ultra-doux-sublieme-shampoo/p/3685830,250ml,3.29,https://www.kruidvat.be/medias/prd-front-3685830-1-600x600?context=bWFzdGVyfHByZC1pbWFnZXN8MjM4Mjc1fGltYWdlL2pwZWd8aDk1L2g5Yi8xMTg5NTAwNDc1ODA0Ni9wcmQtZnJvbnQtMzY4NTgzMC0xXzYwMHg2MDB8ZTVkYzJmODZlZWE1YjRkMDRjNDNkZjhlY2MzZTQ5OGY4NjJhYTZlMmVhYWI3Yzg0MTM2NzQ1ZDMwOTA4ZWM3OA,,,kruidvat.be,P&G,BE,Search,14,https://www.kruidvat.be/nl/search?q=shampoo&text=shampoo&searchType=manual,1
5437097,Activilong Shampoo Curl Activator,https://www.kruidvat.be/nl/activilong-shampoo-curl-activator/p/5437097,300ml,9.50,https://www.kruidvat.be/medias/prd-front-5437097-1-600x600?context=bWFzdGVyfHByZC1pbWFnZXN8MjI5MDl8aW1hZ2UvanBlZ3xoYjgvaGQ3LzExODUxNjMxMDY3MTY2L3ByZC1mcm9udC01NDM3MDk3LTFfNjAweDYwMHw2YTI4ZDNlNDU3OTU4OWM2OWEzZGZjY2YwOTkzOTM3YzRlYTNmMjY4MjNkZDk4M2MyNDI3NmU5ZDhlODJmYmI2,,,kruidvat.be,P&G,BE,Search,15,https://www.kruidvat.be/nl/search?q=shampoo&text=shampoo&searchType=manual,1
1174167,Nivea Baby Shampoo & Bad,https://www.kruidvat.be/nl/nivea-baby-shampoo-bad/p/1174167,500ml,4.99,https://www.kruidvat.be/medias/prd-front-1174167-1-600x600?context=bWFzdGVyfHByZC1pbWFnZXN8MjIwNjE0N3xpbWFnZS9qcGVnfGhkMS9oMDMvMTI4NTk2MDY3OTQyNzAvcHJkLWZyb250LTExNzQxNjctMV82MDB4NjAwfGIzYmQ4NmM3NmZmMmQyODJiZTg4YmEyM2I5ZDI3ZGNjNzNlOGRiMDQwNTg1NTc5YjA0MmM3NjFiMGJiYTZmMzY,,,kruidvat.be,P&G,BE,Search,16,https://www.kruidvat.be/nl/search?q=shampoo&text=shampoo&searchType=manual,1
4036551,Kruidvat Sensation Tropical Shampoo,https://www.kruidvat.be/nl/kruidvat-sensation-tropical-shampoo/p/4036551,500ml,2.49,https://www.kruidvat.be/medias/prd-front-4036551-1-600x600?context=bWFzdGVyfHByZC1pbWFnZXN8NjA4MTN8aW1hZ2UvanBlZ3xoZjEvaGRiLzEyODU2MjQxOTEzODg2L3ByZC1mcm9udC00MDM2NTUxLTFfNjAweDYwMHwzZGViMTVlNmFhNTdhZWI2YjY1YmUzMzAwNmZhZGRlZjU5NmNjYTBkNTQ2ZDA0MGU2OGU0NjM3YzM1OTEyYmNk,4.875,8,kruidvat.be,P&G,BE,Search,17,https://www.kruidvat.be/nl/search?q=shampoo&text=shampoo&searchType=manual,1
20380,Kruidvat Glamorous Gloss Shampoo,https://www.kruidvat.be/nl/kruidvat-glamorous-gloss-shampoo/p/20380,500ml,2.49,https://www.kruidvat.be/medias/prd-front-20380-1-600x600?context=bWFzdGVyfHByZC1pbWFnZXN8NzU1ODl8aW1hZ2UvanBlZ3xoMDIvaGJhLzEyODAwNDM1NzgxNjYyL3ByZC1mcm9udC0yMDM4MC0xXzYwMHg2MDB8YTNkZWFkZDM1MTdkMjRjYzg2ZWYxMjNjNzdjYmM2MjU3NjgyMDQ1MDU5ZDBlOGYyNTQzMzE0NmZmZDNjODI0ZA,4.0,3,kruidvat.be,P&G,BE,Search,18,https://www.kruidvat.be/nl/search?q=shampoo&text=shampoo&searchType=manual,1
2330875,Kruidvat Exotic Coconut Shampoo,https://www.kruidvat.be/nl/kruidvat-exotic-coconut-shampoo/p/2330875,500ml,2.49,https://www.kruidvat.be/medias/prd-front-2330875-1-600x600?context=bWFzdGVyfHByZC1pbWFnZXN8NjEyMzd8aW1hZ2UvanBlZ3xoYzYvaDljLzEyODU1MDMzNjkyMTkwL3ByZC1mcm9udC0yMzMwODc1LTFfNjAweDYwMHw4ZDg1NmEwOTdmNDRjNzcyY2YyMjdhNDAxMzhhMTkzOWE0ZDc5NDViODVhMGNiMTZkZGYyZGQ3ZDM3MWUzMzFm,4.0,6,kruidvat.be,P&G,BE,Search,19,https://www.kruidvat.be/nl/search?q=shampoo&text=shampoo&searchType=manual,1
20378,Kruidvat Daily Mild Shampoo,https://www.kruidvat.be/nl/kruidvat-daily-mild-shampoo/p/20378,500ml,1.99,https://www.kruidvat.be/medias/prd-front-20378-1-600x600?context=bWFzdGVyfHByZC1pbWFnZXN8NjM2Nzh8aW1hZ2UvanBlZ3xoNzQvaGE2LzEyMzMzNjMyMjU4MDc4L3ByZC1mcm9udC0yMDM3OC0xXzYwMHg2MDB8MzNjOGJkZWZkMDc5OGJkNjk2ZTZmNjkyZmNiYzhiYTkzNTk2MmZkZTY3ZWYwNGY0YzE1MjgyMWI4NDc1ZGUyYg,4.0,7,kruidvat.be,P&G,BE,Search,20,https://www.kruidvat.be/nl/search?q=shampoo&text=shampoo&searchType=manual,1
4669799,Dreft Everyday Care Ochtendfris Vloeibaar Wasmiddel,https://www.kruidvat.be/nl/dreft-everyday-care-ochtendfris-vloeibaar-wasmiddel/p/4669799,1760ml,8.99,https://www.kruidvat.be/medias/prd-front-4669799-1-600x600?context=bWFzdGVyfHByZC1pbWFnZXN8Mjc1MDV8aW1hZ2UvanBlZ3xoZTIvaDlkLzEyMTEyODUwMDkyMDYyL3ByZC1mcm9udC00NjY5Nzk5LTFfNjAweDYwMHw3MDc0YTE0NmQyODNhMWI1NmIxZDM0ZDZkZmE2Nzg2YjBkYWE4ZDUzZTE0YzAzM2VkZjcyZmU2M2U5NjQxOGIy,,,kruidvat.be,P&G,BE,Search,1,https://www.kruidvat.be/nl/search?q=wasmiddel&text=wasmiddel&searchType=manual,1
4669792,Dreft Everyday Care Normaal Vloeibaar Wasmiddel,https://www.kruidvat.be/nl/dreft-everyday-care-normaal-vloeibaar-wasmiddel/p/4669792,1760ml,8.99,https://www.kruidvat.be/medias/prd-front-4669792-1-600x600?context=bWFzdGVyfHByZC1pbWFnZXN8MjgwNjN8aW1hZ2UvanBlZ3xoZDgvaGYyLzEyMTEyODQ2MDk0MzY2L3ByZC1mcm9udC00NjY5NzkyLTFfNjAweDYwMHwwNmJlMzk3ODE3YjczNmMyOGM4M2VlNDcwMjhjNGIxMmIxM2I0ZGJlYmFhY2E0OWQ3MWEwZGRkN2I5YmIyOTgw,,,kruidvat.be,P&G,BE,Search,2,https://www.kruidvat.be/nl/search?q=wasmiddel&text=wasmiddel&searchType=manual,1
17783,Kruidvat Extra Concentrated Vloeibaar Wasmiddel,https://www.kruidvat.be/nl/kruidvat-extra-concentrated-vloeibaar-wasmiddel/p/17783,200ml,0.79,https://www.kruidvat.be/medias/prd-front-17783-1-600x600?context=bWFzdGVyfHByZC1pbWFnZXN8NTYzMjl8aW1hZ2UvanBlZ3xoOGEvaGM1LzEyODU5NjAzNzE0MDc4L3ByZC1mcm9udC0xNzc4My0xXzYwMHg2MDB8YjdjY2MwMDNiMDkzMzJiZTY3MDg1ZWIwZjE4ODNjZDFlYTU0ZjgzNTUyZTY5MGQ3YjYyYmVkZGMwMTliZGY0MQ,5.0,3,kruidvat.be,P&G,BE,Search,3,https://www.kruidvat.be/nl/search?q=wasmiddel&text=wasmiddel&searchType=manual,1
5492908,Coral Black Velvet Vloeibaar Wasmiddel,https://www.kruidvat.be/nl/coral-black-velvet-vloeibaar-wasmiddel/p/5492908,6 x 1250ml,25.50,https://www.kruidvat.be/medias/prd-front-5492908-1-600x600?context=bWFzdGVyfHByZC1pbWFnZXN8OTM5OTl8aW1hZ2UvanBlZ3xoMWIvaDdhLzExODY5MDcwNDI2MTQyL3ByZC1mcm9udC01NDkyOTA4LTFfNjAweDYwMHw0MDUzMjc1NjQ2YTdkMDg2NzMzMmZiMTYxNmJmYjRkN2YyMjlkYmJkOTNiMjhiOTM4ZDMzZTgyZTE3NDkyZGJh,,,kruidvat.be,P&G,BE,Search,4,https://www.kruidvat.be/nl/search?q=wasmiddel&text=wasmiddel&searchType=manual,1
5492936,Coral Optimal Color Vloeibaar Wasmiddel,https://www.kruidvat.be/nl/coral-optimal-color-vloeibaar-wasmiddel/p/5492936,6 x 1250ml,25.50,https://www.kruidvat.be/medias/prd-front-5492936-1-600x600?context=bWFzdGVyfHByZC1pbWFnZXN8OTgxNDl8aW1hZ2UvanBlZ3xoMWUvaDAxLzExODY5MDY4MzI4OTkwL3ByZC1mcm9udC01NDkyOTM2LTFfNjAweDYwMHxiMjMxMjFjYjgzYmQ5YjE2YmJlYjcxMDNiOTMxMjg4MDNmZDExOWM5ZjAzNmExNmRmNDM5Y2YzZDhlZGQ0NmQw,,,kruidvat.be,P&G,BE,Search,5,https://www.kruidvat.be/nl/search?q=wasmiddel&text=wasmiddel&searchType=manual,1
5159722,Le Chat Baby Vloeibaar Wasmiddel,https://www.kruidvat.be/nl/le-chat-baby-vloeibaar-wasmiddel/p/5159722,1500ml,12.99,https://www.kruidvat.be/medias/prd-front-5159722-1-600x600?context=bWFzdGVyfHByZC1pbWFnZXN8NTgyNDd8aW1hZ2UvanBlZ3xoYjEvaDg5LzEyMzEzMjYzMjQzMjk0L3ByZC1mcm9udC01MTU5NzIyLTFfNjAweDYwMHwxYTcyYzkyNjQ3NGEyZjNlZGViOWNjZjRjYWIyYjg3YzUzMzY3MGQ4YjhhYTBkYzZhY2RlMWJhYjc4MTIzNTU0,,,kruidvat.be,P&G,BE,Search,6,https://www.kruidvat.be/nl/search?q=wasmiddel&text=wasmiddel&searchType=manual,1
5556195,Robijn Classics Klein & Krachtig Black Velvet Vloeibaar Wasmiddel,https://www.kruidvat.be/nl/robijn-classics-klein-krachtig-black-velvet-vloeibaar-wasmiddel/p/5556195,2 x 1190ml,15.00,https://www.kruidvat.be/medias/prd-front-5556195-1-600x600?context=bWFzdGVyfHByZC1pbWFnZXN8NjI3NTN8aW1hZ2UvanBlZ3xoOTQvaGY1LzEyMzg2OTQ4Mjg0NDQ2L3ByZC1mcm9udC01NTU2MTk1LTFfNjAweDYwMHwxOGU5MDUwNzA3YzQ2ZTU3MTVkOWVlMzZmZmU3MmI2NjJkNzRjYjhlZjgxMjM2ZDhjZGI2OGZmMTNiYjBkOTJl,,,kruidvat.be,P&G,BE,Search,7,https://www.kruidvat.be/nl/search?q=wasmiddel&text=wasmiddel&searchType=manual,1
5556216,Robijn Classics Klein & Krachtig Color Original Vloeibaar Wasmiddel,https://www.kruidvat.be/nl/robijn-classics-klein-krachtig-color-original-vloeibaar-wasmiddel/p/5556216,2 x 1190ml,15.00,https://www.kruidvat.be/medias/prd-front-5556216-1-600x600?context=bWFzdGVyfHByZC1pbWFnZXN8NjQ4Mzh8aW1hZ2UvanBlZ3xoZTMvaDNiLzEyMzg4MjA1NjU4MTQyL3ByZC1mcm9udC01NTU2MjE2LTFfNjAweDYwMHw0MGEzZTA5ZmJhNDJmMjk2MTliOTIzNmZjMDI2ZWU1NWY0OTg0ZTI1NDkzYzYyNGZiYmM5NThjODcyMGE4NGQ3,,,kruidvat.be,P&G,BE,Search,8,https://www.kruidvat.be/nl/search?q=wasmiddel&text=wasmiddel&searchType=manual,1
5556202,Robijn Klein & Krachtig Stralend Wit Vloeibaar Wasmiddel,https://www.kruidvat.be/nl/robijn-klein-krachtig-stralend-wit-vloeibaar-wasmiddel/p/5556202,2 x 1190ml,15.00,https://www.kruidvat.be/medias/prd-front-5556202-1-600x600?context=bWFzdGVyfHByZC1pbWFnZXN8NTQ3OTV8aW1hZ2UvanBlZ3xoYmQvaDAyLzEyMzg3MjQ2ODMzNjk0L3ByZC1mcm9udC01NTU2MjAyLTFfNjAweDYwMHxmYWRiZGE2MDdkZGY3NmYwNzgxN2MxMWZjOTM3NjNkZTE4NWE1OWUxNjBjYWJlNjE3YWY3MDRkMDE2ZWYzOGEz,,,kruidvat.be,P&G,BE,Search,9,https://www.kruidvat.be/nl/search?q=wasmiddel&text=wasmiddel&searchType=manual,1
5557441,Robijn Collections Klein & Krachtig Zwitsal Color Vloeibaar Wasmiddel,https://www.kruidvat.be/nl/robijn-collections-klein-krachtig-zwitsal-color-vloeibaar-wasmiddel/p/5557441,2 x 1190ml,17.50,https://www.kruidvat.be/medias/prd-front-5557441-1-600x600?context=bWFzdGVyfHByZC1pbWFnZXN8NzA1MTZ8aW1hZ2UvanBlZ3xoMzMvaGIwLzEyMzg5NDczNjE1OTAyL3ByZC1mcm9udC01NTU3NDQxLTFfNjAweDYwMHxkZjkwZGIzMDExN2MwMzExOWFkNDhkN2Y3OTgxY2Y3MWFjYzBlM2UyYzYxMmU5MDBmNzQ1ZDY2NjdmYjhmYjQ4,,,kruidvat.be,P&G,BE,Search,10,https://www.kruidvat.be/nl/search?q=wasmiddel&text=wasmiddel&searchType=manual,1
5556188,Robijn Classics Black Velvet Perfect Match Pakket,https://www.kruidvat.be/nl/robijn-classics-black-velvet-perfect-match-pakket/p/5556188,5 stuks,19.50,https://www.kruidvat.be/medias/prd-front-5556188-1-600x600?context=bWFzdGVyfHByZC1pbWFnZXN8OTcyNzB8aW1hZ2UvanBlZ3xoOTIvaDAzLzEyNTA4ODU1MzA0MjIyL3ByZC1mcm9udC01NTU2MTg4LTFfNjAweDYwMHwyNGFjYTI5YjY0MjllOWQ1MTg4NGViODQwMWQzMzBkMjFiYzBkMmQ0OWUzNDEwYTU5MjE1YTdiYWNjNzc3NjU2,,,kruidvat.be,P&G,BE,Search,11,https://www.kruidvat.be/nl/search?q=wasmiddel&text=wasmiddel&searchType=manual,1
5556223,Robijn Stralend Wit Perfect Match Pakket,https://www.kruidvat.be/nl/robijn-stralend-wit-perfect-match-pakket/p/5556223,5 stuks,19.00,https://www.kruidvat.be/medias/prd-front-5556223-1-600x600?context=bWFzdGVyfHByZC1pbWFnZXN8NzcyMzF8aW1hZ2UvanBlZ3xoNGMvaDM1LzEyNTA4MzA5MTI3MTk4L3ByZC1mcm9udC01NTU2MjIzLTFfNjAweDYwMHwwZDM1MWE2MDMxNTI0ZGZmMTZmNjdmYmVlZjZjZWE4MWE0NDc3NzBkZDZiZDQ0ZDNmYjc2ZTIyNjk4MmUwNjgw,,,kruidvat.be,P&G,BE,Search,12,https://www.kruidvat.be/nl/search?q=wasmiddel&text=wasmiddel&searchType=manual,1
5440352,Witte Reus Color Reus 3+1 Power Caps,https://www.kruidvat.be/nl/witte-reus-color-reus-31-power-caps/p/5440352,52 stuks,9.99,https://www.kruidvat.be/medias/prd-front-5440352-1-600x600?context=bWFzdGVyfHByZC1pbWFnZXN8MTU0ODEzOXxpbWFnZS9qcGVnfGg2OC9oZDcvMTIyNTE0NzQxMzMwMjIvcHJkLWZyb250LTU0NDAzNTItMV82MDB4NjAwfGQxYWJiOTAxMzQwZmVjMGFmMzljMzlmNGUxNjc4MzgzOWNiN2EzY2RmODFlYWZhNjgwODQ1NjZkZDc0NTA5MGE,5.0,1,kruidvat.be,P&G,BE,Search,13,https://www.kruidvat.be/nl/search?q=wasmiddel&text=wasmiddel&searchType=manual,1
5370527,Dash Stralende Kleuren All in 1 Pods,https://www.kruidvat.be/nl/dash-stralende-kleuren-all-in-1-pods/p/5370527,16 stuks,5.99,https://www.kruidvat.be/medias/prd-front-5370527-1-600x600?context=bWFzdGVyfHByZC1pbWFnZXN8Mzk4NjZ8aW1hZ2UvanBlZ3xoM2QvaDU4LzExOTA1NDgzNDQwMTU4L3ByZC1mcm9udC01MzcwNTI3LTFfNjAweDYwMHw5MzEwZWY3M2IwMTcyNWZmZWE4MWEzMzY4M2M0NTI1MDVmMmJmZDY2MmYxNjlkMzllZGE4YTcyOTc4ZWYyODI1,4.7335,1681,kruidvat.be,P&G,BE,Search,14,https://www.kruidvat.be/nl/search?q=wasmiddel&text=wasmiddel&searchType=manual,1
5370520,Dash Witter Dan Wit All in 1 Pods,https://www.kruidvat.be/nl/dash-witter-dan-wit-all-in-1-pods/p/5370520,16 stuks,5.99,https://www.kruidvat.be/medias/prd-front-5370520-1-600x600?context=bWFzdGVyfHByZC1pbWFnZXN8Mzk0NDZ8aW1hZ2UvanBlZ3xoYWYvaDExLzExOTA1NDg0NDU1OTY2L3ByZC1mcm9udC01MzcwNTIwLTFfNjAweDYwMHxiZWY5MGE3ZTVjN2QxYjU5YTMyNDY3YmRkYjRlNDM1YzU2ODFkN2M5Mjk1YmUwOWY2ZjUzY2U5Zjc2MjE1MTFm,4.5387,1498,kruidvat.be,P&G,BE,Search,15,https://www.kruidvat.be/nl/search?q=wasmiddel&text=wasmiddel&searchType=manual,1
20714,Silver Soda Grof,https://www.kruidvat.be/nl/silver-soda-grof/p/20714,1000g,0.89,https://www.kruidvat.be/medias/prd-front-20714-1-600x600?context=bWFzdGVyfHByZC1pbWFnZXN8NDI1MjN8aW1hZ2UvanBlZ3xoMDkvaDdmLzExOTY0NDUxNzE3MTUwL3ByZC1mcm9udC0yMDcxNC0xXzYwMHg2MDB8Njc4Njg2ZGNjMWU3N2RjNDQwNmM2YmZkNzIwY2M2ZTMyNDljOTQ3MzE5NWE3ZGZhZjc4ZmEzZGUxOWQ5M2NjZQ,5.0,5,kruidvat.be,P&G,BE,Search,16,https://www.kruidvat.be/nl/search?q=wasmiddel&text=wasmiddel&searchType=manual,1
2703338,Biotex Handwas & Inweek Poeder,https://www.kruidvat.be/nl/biotex-handwas-inweek-poeder/p/2703338,750g,4.99,https://www.kruidvat.be/medias/prd-front-2703338-1-600x600?context=bWFzdGVyfHByZC1pbWFnZXN8NDk0OTN8aW1hZ2UvanBlZ3xoZjEvaDJmLzExODY4NTUwNjkyODk0L3ByZC1mcm9udC0yNzAzMzM4LTFfNjAweDYwMHwxZTFhM2IxM2Q4YjFkMzk3Zjg3OWM3ZmVmYmE4NzA5MzgzZDE4YzY2NDI4ZWQyMjVlYTA0YjVjYzIxOWRiZTVi,4.4286,28,kruidvat.be,P&G,BE,Search,17,https://www.kruidvat.be/nl/search?q=wasmiddel&text=wasmiddel&searchType=manual,1
4930759,Calgon 3-in-1 Power Wasmachinereiniger Poeder,https://www.kruidvat.be/nl/calgon-3-in-1-power-wasmachinereiniger-poeder/p/4930759,"1,5kg",24.99,https://www.kruidvat.be/medias/prd-front-4930759-1-600x600?context=bWFzdGVyfHByZC1pbWFnZXN8MTA1OTc2fGltYWdlL2pwZWd8aDcyL2hiMy8xMjI3MzI0NTU1MjY3MC9wcmQtZnJvbnQtNDkzMDc1OS0xXzYwMHg2MDB8NzQzM2MxZjYwMjZlMGVkNWZmZjM1NzlkZDgxMDBiZDc0ZjBlNmE4ZTYyNWJjMmMxMGU3NDFmMzgyNDQ2Njg0ZQ,4.6667,3,kruidvat.be,P&G,BE,Search,18,https://www.kruidvat.be/nl/search?q=wasmiddel&text=wasmiddel&searchType=manual,1
2247883,Kruidvat Oxi White Vlekkenverwijderaar,https://www.kruidvat.be/nl/kruidvat-oxi-white-vlekkenverwijderaar/p/2247883,750g,2.99,https://www.kruidvat.be/medias/prd-front-2247883-1-600x600?context=bWFzdGVyfHByZC1pbWFnZXN8MzgxMzB8aW1hZ2UvanBlZ3xoNGMvaGM3LzExODYyNTA3ODQ3NzEwL3ByZC1mcm9udC0yMjQ3ODgzLTFfNjAweDYwMHw5MzJhZTUxOGQxMjliMTllNDcxYzcxNjk4NjQxYjk1OWQ0NGQyMjM2MWIzZTg3M2Y2NTczM2I0OWE5YTQ2ODJh,4.5,4,kruidvat.be,P&G,BE,Search,19,https://www.kruidvat.be/nl/search?q=wasmiddel&text=wasmiddel&searchType=manual,1
487333,Kruidvat Oxi Vlekkenverwijderaar,https://www.kruidvat.be/nl/kruidvat-oxi-vlekkenverwijderaar/p/487333,750g,2.99,https://www.kruidvat.be/medias/prd-front-487333-1-600x600?context=bWFzdGVyfHByZC1pbWFnZXN8NDE1MDN8aW1hZ2UvanBlZ3xoNDQvaDhhLzEyMDcwMDI0ODA2NDMwL3ByZC1mcm9udC00ODczMzMtMV82MDB4NjAwfDZiM2QxN2ExNDc2NGE2OThmYzY5NmE4MmY2ZjY1ZTk1YWNkYzQ4Mjk2N2ExNDU3NzU5YjZiNDFiNDMyYTY0MjY,4.75,4,kruidvat.be,P&G,BE,Search,20,https://www.kruidvat.be/nl/search?q=wasmiddel&text=wasmiddel&searchType=manual,1
