sku,title,brand,product_url,bullet_points,price,image,in_stock,rating,reviews,e_retailer,client,market,type,position,listing_url,page
151541,Braun skjeggtrimmer BT5260,,https://www.elkjop.no/product/styling-og-velvare/barbermaskin-og-trimmer/barbermaskiner-og-skjeggtrimmere/151541/braun-skjeggtrimmer-bt5260,"['Brukstid: 100 min', 'Blader som ikke blir sløve', '39 lengdeinnstillinger']",691,https://www.elkjop.no/image/dv_web_D180001002765876/151541/braun-skjeggtrimmer-bt5260.jpg?$digital220x220$,True,"4,2",6,elkjop.no,P&G,NO,Search,1,https://www.elkjop.no/search?SearchTerm=skjeggtrimmer&search=&searchResultTab=,1
29702,Philips 5000 series skjeggtrimmer BT550215,,https://www.elkjop.no/product/styling-og-velvare/barbermaskin-og-trimmer/barbermaskiner-og-skjeggtrimmere/29702/philips-5000-series-skjeggtrimmer-bt550215,"['Brukstid: 90 min', '40 lengdeinnstillinger', 'Vannbestandig, trådløs']",499,https://www.elkjop.no/image/dv_web_D180001002234232/29702/philips-5000-series-skjeggtrimmer-bt550215.jpg?$digital220x220$,True,"4,4",104,elkjop.no,P&G,NO,Search,2,https://www.elkjop.no/search?SearchTerm=skjeggtrimmer&search=&searchResultTab=,1
303795,Philips 3000 Series skjeggtrimmer BT322214,,https://www.elkjop.no/product/styling-og-velvare/barbermaskin-og-trimmer/barbermaskiner-og-skjeggtrimmere/303795/philips-3000-series-skjeggtrimmer-bt322214,"['60 minutters brukstid', 'Lift & Trim-system', '20 lengder, oppbevaringspose']",399,https://www.elkjop.no/image/dv_web_D180001002724331/303795/philips-3000-series-skjeggtrimmer-bt322214.jpg?$digital220x220$,True,"4,6",82,elkjop.no,P&G,NO,Search,3,https://www.elkjop.no/search?SearchTerm=skjeggtrimmer&search=&searchResultTab=,1
BT750015,Philips Series 7000 skjeggtrimmer BT750015,,https://www.elkjop.no/product/styling-og-velvare/barbermaskin-og-trimmer/barbermaskiner-og-skjeggtrimmere/BT750015/philips-series-7000-skjeggtrimmer-bt750015,"['20 faste lengdeinnstillinger', 'Brukertid: 75 min', 'Click-on presisjonstrimmer']",499,https://www.elkjop.no/image/dv_web_D18000100291604/BT750015/philips-series-7000-skjeggtrimmer-bt750015.jpg?$digital220x220$,True,"3,8",254,elkjop.no,P&G,NO,Search,4,https://www.elkjop.no/search?SearchTerm=skjeggtrimmer&search=&searchResultTab=,1
53148,Philips 9000 Prestige skjeggtrimmer BT981015,,https://www.elkjop.no/product/styling-og-velvare/barbermaskin-og-trimmer/barbermaskiner-og-skjeggtrimmere/53148/philips-9000-prestige-skjeggtrimmer-bt981015,"['120 min brukstid', 'SteelPrecision, PowerAdapt Sensor', 'Metallblader, vanntett']",1 290,https://www.elkjop.no/image/dv_web_D180001002426730/53148/philips-9000-prestige-skjeggtrimmer-bt981015.jpg?$digital220x220$,False,"4,4",104,elkjop.no,P&G,NO,Search,5,https://www.elkjop.no/search?SearchTerm=skjeggtrimmer&search=&searchResultTab=,1
309778,Philips Series 3000 skjeggtrimmer BT320614V2,,https://www.elkjop.no/product/styling-og-velvare/barbermaskin-og-trimmer/barbermaskiner-og-skjeggtrimmere/309778/philips-series-3000-skjeggtrimmer-bt320614v2,"['Brukstid: 45 min', 'Kvalitets rustfri stålblader', '10 lengder (0,5-10 mm)']",249,https://www.elkjop.no/image/dv_web_D180001002748767/309778/philips-series-3000-skjeggtrimmer-bt320614v2.jpg?$digital220x220$,False,"4,6",82,elkjop.no,P&G,NO,Search,6,https://www.elkjop.no/search?SearchTerm=skjeggtrimmer&search=&searchResultTab=,1
BT320614,Philips Series 3000 skjeggtrimmer BT320614,,https://www.elkjop.no/product/styling-og-velvare/barbermaskin-og-trimmer/barbermaskiner-og-skjeggtrimmere/BT320614/philips-series-3000-skjeggtrimmer-bt320614,"['Brukstid: 45 minutter', 'Kvalitetsblader i rustfritt stål', '10 lengdeinnstilligner (0,5-10 mm)']",270,https://www.elkjop.no/image/dv_web_D180001002234979/BT320614/philips-series-3000-skjeggtrimmer-bt320614.jpg?$digital220x220$,True,"4,5",84,elkjop.no,P&G,NO,Search,7,https://www.elkjop.no/search?SearchTerm=skjeggtrimmer&search=&searchResultTab=,1
222946,Remington Style Series B3 skjeggtrimmer MB3000,,https://www.elkjop.no/product/styling-og-velvare/barbermaskin-og-trimmer/barbermaskiner-og-skjeggtrimmere/222946/remington-style-series-b3-skjeggtrimmer-mb3000,"['Brukstid: 60 minutter', 'Titanbelagte blader', 'Lengdeinnstillinger: 0,4 - 18 mm']",299,https://www.elkjop.no/image/dv_web_D180001002525491/222946/remington-style-series-b3-skjeggtrimmer-mb3000.jpg?$digital220x220$,True,,,elkjop.no,P&G,NO,Search,8,https://www.elkjop.no/search?SearchTerm=skjeggtrimmer&search=&searchResultTab=,1
348993,Remington Omniblade skjeggtrimmer HG1000 (sort),,https://www.elkjop.no/product/styling-og-velvare/barbermaskin-og-trimmer/barbermaskiner-og-skjeggtrimmere/348993/remington-omniblade-skjeggtrimmer-hg1000-sort,"['Batteridrevet', '100% vanntett', '3 stk. skjeggkammer']",299,https://www.elkjop.no/image/dv_web_D180001002871495/348993/remington-omniblade-skjeggtrimmer-hg1000-sort.jpg?$digital220x220$,True,,,elkjop.no,P&G,NO,Search,9,https://www.elkjop.no/search?SearchTerm=skjeggtrimmer&search=&searchResultTab=,1
MB4120,Remington skjeggtrimmer MB4120,,https://www.elkjop.no/product/styling-og-velvare/barbermaskin-og-trimmer/barbermaskiner-og-skjeggtrimmere/MB4120/remington-skjeggtrimmer-mb4120,"['11 lengdeinnstillinger', 'OptiAngle-design', 'Batteridrevet']",329,https://www.elkjop.no/image/dv_web_D18000100261039/MB4120/remington-skjeggtrimmer-mb4120.jpg?$digital220x220$,True,"3,9",11,elkjop.no,P&G,NO,Search,10,https://www.elkjop.no/search?SearchTerm=skjeggtrimmer&search=&searchResultTab=,1
MB010,Remington Durablade skjeggtrimmer,,https://www.elkjop.no/product/styling-og-velvare/barbermaskin-og-trimmer/barbermaskiner-og-skjeggtrimmere/MB010/remington-durablade-skjeggtrimmer,"['40 minutters bruk', 'Holdbare, skarpe blader', '100% vanntett, 5 års garanti']",376,https://www.elkjop.no/image/dv_web_D180001002181729/MB010/remington-durablade-skjeggtrimmer.jpg?$digital220x220$,True,"3,2",29,elkjop.no,P&G,NO,Search,11,https://www.elkjop.no/search?SearchTerm=skjeggtrimmer&search=&searchResultTab=,1
348992,Remington Omniblade skjeggtrimmer HG2000 (sort/sølv),,https://www.elkjop.no/product/styling-og-velvare/barbermaskin-og-trimmer/barbermaskiner-og-skjeggtrimmere/348992/remington-omniblade-skjeggtrimmer-hg2000-sortsolv,"['Brukstid: 40 minutter', 'Vanntett', 'Mikrotrimmer inkludert']",399,https://www.elkjop.no/image/dv_web_D180001002871520/348992/remington-omniblade-skjeggtrimmer-hg2000-sortsolv.jpg?$digital220x220$,True,,,elkjop.no,P&G,NO,Search,12,https://www.elkjop.no/search?SearchTerm=skjeggtrimmer&search=&searchResultTab=,1
140421,Braun Silk-épil 9 epilator SES9720,,https://www.elkjop.no/product/styling-og-velvare/harfjerning-for-kroppen/epilator/140421/braun-silk-epil-9-epilator-ses9720,"['50 min brukstid', 'MicroGrip-teknologi, 40 pinsetter', 'Vanntett, svingbart hode']",1 195,https://www.elkjop.no/image/dv_web_D180001002372558/140421/braun-silk-epil-9-epilator-ses9720.jpg?$digital220x220$,True,"4,5",47,elkjop.no,P&G,NO,Search,1,https://www.elkjop.no/catalog/styling-og-velvare/harfjerning-for-kroppen/no-epilator/epilator,1
HP6393,Philips trimmer for kvinner HP6393,,https://www.elkjop.no/product/styling-og-velvare/harfjerning-for-kroppen/epilator/HP6393/philips-trimmer-for-kvinner-hp6393,"['Kompakt og bærbar', 'Tilbehør til kropp og ansikt', 'Kam til øyenbrynene']",249,https://www.elkjop.no/image/dv_web_D18000100251132/HP6393/philips-trimmer-for-kvinner-hp6393.jpg?$digital220x220$,True,"4,4",76,elkjop.no,P&G,NO,Search,2,https://www.elkjop.no/catalog/styling-og-velvare/harfjerning-for-kroppen/no-epilator/epilator,1
140420,Braun Silk-épil 9 Flex epilator SES9030,,https://www.elkjop.no/product/styling-og-velvare/harfjerning-for-kroppen/epilator/140420/braun-silk-epil-9-flex-epilator-ses9030,"['50 min brukstid', 'MicroGrip-teknologi, 40 pinsetter', 'SensoSmart, fleksibelt hode']",2 695,https://www.elkjop.no/image/dv_web_D180001002373672/140420/braun-silk-epil-9-flex-epilator-ses9030.jpg?$digital220x220$,True,"4,4",25,elkjop.no,P&G,NO,Search,3,https://www.elkjop.no/catalog/styling-og-velvare/harfjerning-for-kroppen/no-epilator/epilator,1
SE830FACE,Braun ansiktsepilator SE830Face,,https://www.elkjop.no/product/styling-og-velvare/harfjerning-for-kroppen/epilator/SE830FACE/braun-ansiktsepilator-se830face,"['Epilator og dyprens', 'Passer sensitiv hud', 'Silkemyk hud i 4 uker']",529,https://www.elkjop.no/image/dv_web_D180001002724387/SE830FACE/braun-ansiktsepilator-se830face.jpg?$digital220x220$,True,"4,3",39,elkjop.no,P&G,NO,Search,4,https://www.elkjop.no/catalog/styling-og-velvare/harfjerning-for-kroppen/no-epilator/epilator,1
SES9880,Braun Silk-épil 9 SensoSmart epilator 9/880,,https://www.elkjop.no/product/styling-og-velvare/harfjerning-for-kroppen/epilator/SES9880/braun-silk-epil-9-sensosmart-epilator-9880,"['Trådløs, Wet&Dry-bruk', 'SensoSmart teknology, MicroGrip-pinsetter', '7 tilbehør inkludert ansiktsbørste']",2 195,https://www.elkjop.no/image/dv_web_D18000100276798/SES9880/braun-silk-epil-9-sensosmart-epilator-9880.jpg?$digital220x220$,True,"4,4",13,elkjop.no,P&G,NO,Search,5,https://www.elkjop.no/catalog/styling-og-velvare/harfjerning-for-kroppen/no-epilator/epilator,1
SE851VFACE,SE851 Braun FaceSpa ansiktsepilator,,https://www.elkjop.no/product/styling-og-velvare/harfjerning-for-kroppen/epilator/SE851VFACE/se851-braun-facespa-ansiktsepilator,"['Bruker batterier', 'Effektiv ansiktsrens', 'Belyst speil og toalettmappe']",759,https://www.elkjop.no/image/dv_web_D180001002318603/SE851VFACE/se851-braun-facespa-ansiktsepilator.jpg?$digital220x220$,True,"4,5",2,elkjop.no,P&G,NO,Search,6,https://www.elkjop.no/catalog/styling-og-velvare/harfjerning-for-kroppen/no-epilator/epilator,1
29696,Philips Satinelle Essential epilator BRE22500,,https://www.elkjop.no/product/styling-og-velvare/harfjerning-for-kroppen/epilator/29696/philips-satinelle-essential-epilator-bre22500,"['Epilatorhodet kan vaskes med vann', '2 hastigheter', 'Rengjøringsbørste medfølger']",215,https://www.elkjop.no/image/dv_web_D180001002234171/29696/philips-satinelle-essential-epilator-bre22500.jpg?$digital220x220$,True,"4,6",49,elkjop.no,P&G,NO,Search,7,https://www.elkjop.no/catalog/styling-og-velvare/harfjerning-for-kroppen/no-epilator/epilator,1
SES9980,Braun Silk-épil 9 SensoSmart epilator 9/980,,https://www.elkjop.no/product/styling-og-velvare/harfjerning-for-kroppen/epilator/SES9980/braun-silk-epil-9-sensosmart-epilator-9980,"['Trådløs, Wet&Dry-bruk', 'SensoSmart teknology, MicroGrip-pinsetter', '8 stk. tilbehørsenheter']",2 395,https://www.elkjop.no/image/dv_web_D180001002496250/SES9980/braun-silk-epil-9-sensosmart-epilator-9980.jpg?$digital220x220$,True,"4,6",24,elkjop.no,P&G,NO,Search,8,https://www.elkjop.no/catalog/styling-og-velvare/harfjerning-for-kroppen/no-epilator/epilator,1
183402,Braun Facespa PRO 912 ansiktsepilator PROSE912FACE,,https://www.elkjop.no/product/styling-og-velvare/harfjerning-for-kroppen/183402/braun-facespa-pro-912-ansiktsepilator-prose912face,"['3-i-1 ansiktssystem', '60 min brukertid', 'MicroVibration hode']",1 195,https://www.elkjop.no/image/dv_web_D180001002470408/183402/braun-facespa-pro-912-ansiktsepilator-prose912face.jpg?$digital220x220$,True,5,3,elkjop.no,P&G,NO,Search,9,https://www.elkjop.no/catalog/styling-og-velvare/harfjerning-for-kroppen/no-epilator/epilator,1
140423,Braun Silk-épil 3 epilator SE3410,,https://www.elkjop.no/product/styling-og-velvare/harfjerning-for-kroppen/epilator/140423/braun-silk-epil-3-epilator-se3410,"['Langvarige resultater', '20 pinsetter', 'Massasjeruller, smart lys']",599,https://www.elkjop.no/image/dv_web_D180001002373722/140423/braun-silk-epil-3-epilator-se3410.jpg?$digital220x220$,True,4,7,elkjop.no,P&G,NO,Search,10,https://www.elkjop.no/catalog/styling-og-velvare/harfjerning-for-kroppen/no-epilator/epilator,1
140424,Braun Silk-épil 5 epilator SES5820,,https://www.elkjop.no/product/styling-og-velvare/harfjerning-for-kroppen/epilator/140424/braun-silk-epil-5-epilator-ses5820,"['30 min brukstid', 'MicroGrip-pinsetter', 'Massasjehette inkludert']",1 079,https://www.elkjop.no/image/dv_web_D180001002374567/140424/braun-silk-epil-5-epilator-ses5820.jpg?$digital220x220$,True,"4,1",11,elkjop.no,P&G,NO,Search,11,https://www.elkjop.no/catalog/styling-og-velvare/harfjerning-for-kroppen/no-epilator/epilator,1
24455,Remington Smooth & Silky epilator EP7500,,https://www.elkjop.no/product/styling-og-velvare/harfjerning-for-kroppen/epilator/24455/remington-smooth-silky-epilator-ep7500,"['40 pinsetter, massasjeteknologi', '2 hastigheter, presisjonslys', '5 munnstykker']",669,https://www.elkjop.no/image/dv_web_D180001002317146/24455/remington-smooth-silky-epilator-ep7500.jpg?$digital220x220$,True,1,1,elkjop.no,P&G,NO,Search,12,https://www.elkjop.no/catalog/styling-og-velvare/harfjerning-for-kroppen/no-epilator/epilator,1
352606,Oral-B Pro-Expert Strong Teeth munnvann 090616 (lilla),,https://www.elkjop.no/product/styling-og-velvare/tannpleie/munndusj/352606/oral-b-pro-expert-strong-teeth-munnvann-090616-lilla,"['Volum: 500ml', '24-timers beskyttelse mot plakk', 'Ingen brennende alkoholsmak']",69,https://www.elkjop.no/image/dv_web_D180001002826360/352606/oral-b-pro-expert-strong-teeth-munnvann-090616-lilla.jpg?$digital220x220$,True,3,1,elkjop.no,P&G,NO,Search,1,https://www.elkjop.no/search?SearchTerm=munnvann&search=&searchResultTab=,1
352612,Oral-B Gum og Enamel Care munnvann 720269 (500 ml),,https://www.elkjop.no/product/styling-og-velvare/tannpleie/tannkrem-og-munnskyll/352612/oral-b-gum-og-enamel-care-munnvann-720269-500-ml,"['Smak av Fresh Mint', 'Alkoholfri', 'Beskytter emaljelag og tannkjøtt']",79,https://www.elkjop.no/image/dv_web_D180001002828876/352612/oral-b-gum-og-enamel-care-munnvann-720269-500-ml.jpg?$digital220x220$,True,,,elkjop.no,P&G,NO,Search,2,https://www.elkjop.no/search?SearchTerm=munnvann&search=&searchResultTab=,1
304736,Oral-B Kids tannkrem 174747 (Frost),,https://www.elkjop.no/product/styling-og-velvare/tannpleie/tannkrem-og-munnskyll/304736/oral-b-kids-tannkrem-174747-frost,"['Frost- eller Biler-design', 'Sukkerfri', 'Mild smak']",29,https://www.elkjop.no/image/dv_web_D180001002725165/304736/oral-b-kids-tannkrem-174747-frost.jpg?$digital220x220$,True,,,elkjop.no,P&G,NO,Search,1,https://www.elkjop.no/search?SearchTerm=tannkrem&search=&searchResultTab=,1
304735,Oral-B Gumline Purify tannkrem 190419,,https://www.elkjop.no/product/styling-og-velvare/tannpleie/tannkrem-og-munnskyll/304735/oral-b-gumline-purify-tannkrem-190419,"['Renser plakk nær tannkjøttet, 75 ml', 'Aktivert skumformel', 'Peppermyntesmak']",35,https://www.elkjop.no/image/dv_web_D180001002725138/304735/oral-b-gumline-purify-tannkrem-190419.jpg?$digital220x220$,True,,,elkjop.no,P&G,NO,Search,2,https://www.elkjop.no/search?SearchTerm=tannkrem&search=&searchResultTab=,1
47539,Cmiile tannkrem 5700002054845,,https://www.elkjop.no/product/styling-og-velvare/tannpleie/tannkrem-og-munnskyll/47539/cmiile-tannkrem-5700002054845,"['Tannblekende tannkrem', '2 stk. tannkremer, for dag og natt', 'Motvirker flekker']",219,https://www.elkjop.no/image/dv_web_D180001002278508/47539/cmiile-tannkrem-5700002054845.jpg?$digital220x220$,True,,,elkjop.no,P&G,NO,Search,3,https://www.elkjop.no/search?SearchTerm=tannkrem&search=&searchResultTab=,1
304724,Oral-B ProExpert Deep Clean tannkrem 081314,,https://www.elkjop.no/product/styling-og-velvare/tannpleie/tannkrem-og-munnskyll/304724/oral-b-proexpert-deep-clean-tannkrem-081314,"['Tannkrem for dyp rens, 75 ml', 'Unikt fluorkompleks', 'Mintsmak, 24 timer beskyttelse']",29,https://www.elkjop.no/image/dv_web_D180001002725151/304724/oral-b-proexpert-deep-clean-tannkrem-081314.jpg?$digital220x220$,True,,,elkjop.no,P&G,NO,Search,4,https://www.elkjop.no/search?SearchTerm=tannkrem&search=&searchResultTab=,1
304730,Oral-B ProExpert Professional Protection tannkrem 948428,,https://www.elkjop.no/product/styling-og-velvare/tannpleie/tannkrem-og-munnskyll/304730/oral-b-proexpert-professional-protection-tannkrem-948428,"['Rettet mot 8 problemområder, 75 ml', 'Unik kombinasjon av ingredienser', 'Ren mintsmak']",29,https://www.elkjop.no/image/dv_web_D180001002725050/304730/oral-b-proexpert-professional-protection-tannkrem-948428.jpg?$digital220x220$,True,5,3,elkjop.no,P&G,NO,Search,5,https://www.elkjop.no/search?SearchTerm=tannkrem&search=&searchResultTab=,1
304737,Oral-B 3DWhite Arctic Fresh tannkrem 142722,,https://www.elkjop.no/product/styling-og-velvare/tannpleie/tannkrem-og-munnskyll/304737/oral-b-3dwhite-arctic-fresh-tannkrem-142722,"['3-i-1 effekt, 75 ml', 'Tannkrem som beskytter emaljen', 'Arktisk mintsmak']",29,https://www.elkjop.no/image/dv_web_D180001002725113/304737/oral-b-3dwhite-arctic-fresh-tannkrem-142722.jpg?$digital220x220$,True,,,elkjop.no,P&G,NO,Search,6,https://www.elkjop.no/search?SearchTerm=tannkrem&search=&searchResultTab=,1
304740,Oral-B ProExpert Healthy Whitening tannkrem 951732,,https://www.elkjop.no/product/styling-og-velvare/tannpleie/tannkrem-og-munnskyll/304740/oral-b-proexpert-healthy-whitening-tannkrem-951732,"['Rettet mot 8 problemområder', 'Unik kombinasjon av ingredienser', 'Blekende, frisk mintsmak']",29,https://www.elkjop.no/image/dv_web_D180001002725037/304740/oral-b-proexpert-healthy-whitening-tannkrem-951732.jpg?$digital220x220$,True,4,1,elkjop.no,P&G,NO,Search,7,https://www.elkjop.no/search?SearchTerm=tannkrem&search=&searchResultTab=,1
304726,Oral-B 3DWhite Luxe Charcoal tannkrem 842875,,https://www.elkjop.no/product/styling-og-velvare/tannpleie/tannkrem-og-munnskyll/304726/oral-b-3dwhite-luxe-charcoal-tannkrem-842875,"['Hindrer misfarging, 75 ml', 'Kullpulver og fluor', 'Frisk mintsmak']",35,https://www.elkjop.no/image/dv_web_D180001002725098/304726/oral-b-3dwhite-luxe-charcoal-tannkrem-842875.jpg?$digital220x220$,True,,,elkjop.no,P&G,NO,Search,8,https://www.elkjop.no/search?SearchTerm=tannkrem&search=&searchResultTab=,1
304728,Oral-B 3DWhite Luxe Perfect tannkrem 739253,,https://www.elkjop.no/product/styling-og-velvare/tannpleie/tannkrem-og-munnskyll/304728/oral-b-3dwhite-luxe-perfect-tannkrem-739253,"['Fjerner misfarging, 75 ml', 'Beskytter emaljen, blekende', 'Ekstra kjølende mintsmak']",35,https://www.elkjop.no/image/dv_web_D180001002725143/304728/oral-b-3dwhite-luxe-perfect-tannkrem-739253.jpg?$digital220x220$,True,5,3,elkjop.no,P&G,NO,Search,9,https://www.elkjop.no/search?SearchTerm=tannkrem&search=&searchResultTab=,1
304731,Oral-B 3DWhite Luxe Glamorous tannkrem 290939,,https://www.elkjop.no/product/styling-og-velvare/tannpleie/tannkrem-og-munnskyll/304731/oral-b-3dwhite-luxe-glamorous-tannkrem-290939,"['Flekkfjerning, 75 ml', 'Dypt penetrerende skum', 'Peppermyntesmak']",35,https://www.elkjop.no/image/dv_web_D180001002725134/304731/oral-b-3dwhite-luxe-glamorous-tannkrem-290939.jpg?$digital220x220$,True,,,elkjop.no,P&G,NO,Search,10,https://www.elkjop.no/search?SearchTerm=tannkrem&search=&searchResultTab=,1
304732,Oral-B 3DWhite Luxe Blaste tannkrem 142722,,https://www.elkjop.no/product/styling-og-velvare/tannpleie/tannkrem-og-munnskyll/304732/oral-b-3dwhite-luxe-blaste-tannkrem-142722,"['Antibakteriell behandling, 75 ml', 'PeakFresh-teknologi', 'Forfriskende mintsmak']",35,https://www.elkjop.no/image/dv_web_D180001002725049/304732/oral-b-3dwhite-luxe-blaste-tannkrem-142722.jpg?$digital220x220$,True,,,elkjop.no,P&G,NO,Search,11,https://www.elkjop.no/search?SearchTerm=tannkrem&search=&searchResultTab=,1
123489,Oral-B Pro-Expert Fresh Breath tannkrem 989932,,https://www.elkjop.no/product/styling-og-velvare/tannpleie/tannkrem-og-munnskyll/123489/oral-b-pro-expert-fresh-breath-tannkrem-989932,"['For frisk pust, 75 ml', '24 timers plakkbeskyttelse', 'Smak av kjølig mint']",49,https://www.elkjop.no/image/dv_web_D180001002358267/123489/oral-b-pro-expert-fresh-breath-tannkrem-989932.jpg?$digital220x220$,True,,,elkjop.no,P&G,NO,Search,12,https://www.elkjop.no/search?SearchTerm=tannkrem&search=&searchResultTab=,1
196230,Oral-B iO Gentle Care tannbørste refill IOGENTLECARE2WH (hvit),,https://www.elkjop.no/product/styling-og-velvare/tannpleie/tannborstehoder/196230/oral-b-io-gentle-care-tannborste-refill-iogentlecare2wh-hvit,"['Kompatible med iO device', 'For sensitive tannkjøtt', '2 refillbørster']",219,https://www.elkjop.no/image/dv_web_D180001002491114/196230/oral-b-io-gentle-care-tannboerste-refill-iogentlecare2wh-hvit.jpg?$digital220x220$,True,,,elkjop.no,P&G,NO,Search,1,https://www.elkjop.no/search?SearchTerm=tannb%C3%B8rste&search=&searchResultTab=,1
196229,Oral-B iO Ultimate Clean tannbørste refill IOREFILL2BK (svart),,https://www.elkjop.no/product/styling-og-velvare/tannpleie/tannborstehoder/196229/oral-b-io-ultimate-clean-tannborste-refill-iorefill2bk-svart,"['Kompatibel med med iO-enhet', 'Opptil 100% fjerning av plakk', '2 børster i hver pakke']",219,https://www.elkjop.no/image/dv_web_D180001002490983/196229/oral-b-io-ultimate-clean-tannboerste-refill-iorefill2bk-svart.jpg?$digital220x220$,True,5,1,elkjop.no,P&G,NO,Search,2,https://www.elkjop.no/search?SearchTerm=tannb%C3%B8rste&search=&searchResultTab=,1
196231,Oral-B iO Ultimate Clean tannbørste refill IOREFILL2WH (hvit),,https://www.elkjop.no/product/styling-og-velvare/tannpleie/tannborstehoder/196231/oral-b-io-ultimate-clean-tannborste-refill-iorefill2wh-hvit,"['Kompatibel med iO enheter', 'Fjerner opptil 100% plakk', '2 børster i hver pakke']",219,https://www.elkjop.no/image/dv_web_D180001002491118/196231/oral-b-io-ultimate-clean-tannboerste-refill-iorefill2wh-hvit.jpg?$digital220x220$,True,,,elkjop.no,P&G,NO,Search,3,https://www.elkjop.no/search?SearchTerm=tannb%C3%B8rste&search=&searchResultTab=,1
196232,Oral-B iO Ultimate Clean tannbørste refill IOREFILL4BK (svart),,https://www.elkjop.no/product/styling-og-velvare/tannpleie/tannborstehoder/196232/oral-b-io-ultimate-clean-tannborste-refill-iorefill4bk-svart,"['Kompatibel med med iO-enhet', 'Opptil 100% fjerning av plakk', '4 børster i hver pakke']",399,https://www.elkjop.no/image/dv_web_D180001002491121/196232/oral-b-io-ultimate-clean-tannboerste-refill-iorefill4bk-svart.jpg?$digital220x220$,True,,,elkjop.no,P&G,NO,Search,4,https://www.elkjop.no/search?SearchTerm=tannb%C3%B8rste&search=&searchResultTab=,1
67548,Oral-B Smart 4 elektrisk tannbørste (duo-pakke) SMART4900DUO,,https://www.elkjop.no/product/styling-og-velvare/tannpleie/elektriske-tannborster/67548/oral-b-smart-4-elektrisk-tannborste-duo-pakke-smart4900duo,"['3D system,fjerner opptil 100% plakk', '56 min brukstid, 3 pussemoduser', 'Trykkontroll, Oral-B-app']",1 290,https://www.elkjop.no/image/dv_web_D180001002509890/67548/oral-b-smart-4-elektrisk-tannborste-duo-pakke-smart4900duo.jpg?$digital220x220$,False,"4,5",50,elkjop.no,P&G,NO,Search,5,https://www.elkjop.no/search?SearchTerm=tannb%C3%B8rste&search=&searchResultTab=,1
165376,Oral-B Genius X elektrisk tannbørste Double Body spesialutgave 20900,,https://www.elkjop.no/product/styling-og-velvare/tannpleie/elektriske-tannborster/165376/oral-b-genius-x-elektrisk-tannborste-double-body-spesialutgave-20900,"['3D-system, 6 pussemoduser', '56 min pussing per lading', 'AI, 360 SmartRing, 2 tannbørster']",3 189,https://www.elkjop.no/image/dv_web_D180001002438272/165376/oral-b-genius-x-elektrisk-tannborste-double-body-spesialutgave-20900.jpg?$digital220x220$,False,"4,6",106,elkjop.no,P&G,NO,Search,6,https://www.elkjop.no/search?SearchTerm=tannb%C3%B8rste&search=&searchResultTab=,1
203506,Oral-B Pro 1 750 elektrisk tannbørste gavesett 319399 (sort),,https://www.elkjop.no/product/styling-og-velvare/tannpleie/elektriske-tannborster/203506/oral-b-pro-1-750-elektrisk-tannborste-gavesett-319399-sort,"['3D-teknologi', '28 800 bevegelser per min', 'Timer, reiseveske']",499,https://www.elkjop.no/image/dv_web_D180001002492169/203506/oral-b-pro-1-750-elektrisk-tannborste-gavesett-319399-sort.jpg?$digital220x220$,True,"4,7",6,elkjop.no,P&G,NO,Search,7,https://www.elkjop.no/search?SearchTerm=tannb%C3%B8rste&search=&searchResultTab=,1
203508,Oral-B Pro 1 750 elektrisk tannbørste gavesett 319399 (hvit),,https://www.elkjop.no/product/styling-og-velvare/tannpleie/elektriske-tannborster/203508/oral-b-pro-1-750-elektrisk-tannborste-gavesett-319399-hvit,"['3D-teknologi', '28 800 bevegelser per min', 'Timer, reiseveske']",499,https://www.elkjop.no/image/dv_web_D180001002492172/203508/oral-b-pro-1-750-elektrisk-tannborste-gavesett-319399-hvit.jpg?$digital220x220$,True,,,elkjop.no,P&G,NO,Search,8,https://www.elkjop.no/search?SearchTerm=tannb%C3%B8rste&search=&searchResultTab=,1
350674,Oral-B Pro 2 elektrisk tannbørste PRO 2900 (sort/hvit),,https://www.elkjop.no/product/styling-og-velvare/tannpleie/elektriske-tannborster/350674/oral-b-pro-2-elektrisk-tannborste-pro-2900-sorthvit,"['Fjerner 100% mer plakk', 'Brukstid: 60 min, 2 moduser', 'Trykkregistrering, timer']",779,https://www.elkjop.no/image/dv_web_D180001002826317/350674/oral-b-pro-2-elektrisk-tannborste-pro-2900-sorthvit.jpg?$digital220x220$,False,"4,3",7,elkjop.no,P&G,NO,Search,9,https://www.elkjop.no/search?SearchTerm=tannb%C3%B8rste&search=&searchResultTab=,1
335639,Oral-B Pro3 3900N elektrisk tannbørste 2-pakk 291503 (sort/hvit),,https://www.elkjop.no/product/styling-og-velvare/tannpleie/elektriske-tannborster/335639/oral-b-pro3-3900n-elektrisk-tannborste-2-pakk-291503-sorthvit,"['Brukstid: 60 min.', '360° trykkontroll', '3 børstemodus, timer']",799,https://www.elkjop.no/image/dv_web_D180001002784570/335639/oral-b-pro3-3900n-elektrisk-tannborste-2-pakk-291503-sorthvit.jpg?$digital220x220$,True,"4,5",4,elkjop.no,P&G,NO,Search,10,https://www.elkjop.no/search?SearchTerm=tannb%C3%B8rste&search=&searchResultTab=,1
203509,Oral-B Smart 4 4500 elektrisk tannbørste gavesett SMART4500 (rosa),,https://www.elkjop.no/product/styling-og-velvare/tannpleie/elektriske-tannborster/203509/oral-b-smart-4-4500-elektrisk-tannborste-gavesett-smart4500-rosa,"['Trykkontroll', '3 børstemoduser', 'Oral-B-app, reiseetui']",999,https://www.elkjop.no/image/dv_web_D180001002492583/203509/oral-b-smart-4-4500-elektrisk-tannborste-gavesett-smart4500-rosa.jpg?$digital220x220$,True,"4,4",23,elkjop.no,P&G,NO,Search,11,https://www.elkjop.no/search?SearchTerm=tannb%C3%B8rste&search=&searchResultTab=,1
203510,Oral-B Genius 8500 elektrisk tannbørste gavesett GENIUS8500SI,,https://www.elkjop.no/product/styling-og-velvare/tannpleie/elektriske-tannborster/203510/oral-b-genius-8500-elektrisk-tannborste-gavesett-genius8500si,"['Trykkontroll', '5 stk. børstemoduser', 'Timer, reiseetui']",1 289,https://www.elkjop.no/image/dv_web_D180001002724386/203510/oral-b-genius-8500-elektrisk-tannborste-gavesett-genius8500si.jpg?$digital220x220$,True,"4,7",19,elkjop.no,P&G,NO,Search,12,https://www.elkjop.no/search?SearchTerm=tannb%C3%B8rste&search=&searchResultTab=,1
203908,Philips Series 7000 barbermaskin 7786/55,,https://www.elkjop.no/product/styling-og-velvare/barbermaskin-og-trimmer/barbermaskiner-og-skjeggtrimmere/203908/philips-series-7000-barbermaskin-778655,"['360-D fleksible hoder', '60 minutters trådløs bruk', 'Wet&Dry-barbering']",1 995,https://www.elkjop.no/image/dv_web_D180001002672677/203908/philips-series-7000-barbermaskin-778655.jpg?$digital220x220$,False,"4,6",147,elkjop.no,P&G,NO,Search,1,https://www.elkjop.no/search?SearchTerm=barbermaskin&search=&searchResultTab=,1
203913,Philips Series 5000 barbermaskin 5584/50,,https://www.elkjop.no/product/styling-og-velvare/barbermaskin-og-trimmer/barbermaskiner-og-skjeggtrimmere/203913/philips-series-5000-barbermaskin-558450,"['360° roterbart hode', '60 minutters trådløs bruk', 'Våt og tørr barbering']",1 199,https://www.elkjop.no/image/dv_web_D180001002496693/203913/philips-series-5000-barbermaskin-558450.jpg?$digital220x220$,False,"4,1",11,elkjop.no,P&G,NO,Search,2,https://www.elkjop.no/search?SearchTerm=barbermaskin&search=&searchResultTab=,1
335668,Philips Series 9000 barbermaskin S998755 (mørk krom),,https://www.elkjop.no/product/styling-og-velvare/barbermaskin-og-trimmer/335668/philips-series-9000-barbermaskin-s998755-mork-krom,"['Brukstid: 60 minutter', 'SkinIQ, Dual SteelPrecision-blader', 'Våt og tørr bruk, GroomTribe-app']",3 299,https://www.elkjop.no/image/dv_web_D180001002796611/335668/philips-series-9000-barbermaskin-s998755-mork-krom.jpg?$digital220x220$,True,"4,6",152,elkjop.no,P&G,NO,Search,3,https://www.elkjop.no/search?SearchTerm=barbermaskin&search=&searchResultTab=,1
SP986013,Philips S9000 Prestige barbermaskin SP9860/13,,https://www.elkjop.no/product/styling-og-velvare/barbermaskin-og-trimmer/barbermaskiner-og-skjeggtrimmere/SP986013/philips-s9000-prestige-barbermaskin-sp986013,"['60 min brukertid', 'NanoTech-blad', 'Qi ladepad, vanntett']",3 629,https://www.elkjop.no/image/dv_web_D180001002293514/SP986013/philips-s9000-prestige-barbermaskin-sp986013.jpg?$digital220x220$,True,"4,7",429,elkjop.no,P&G,NO,Search,4,https://www.elkjop.no/search?SearchTerm=barbermaskin&search=&searchResultTab=,1
335645,Braun Series 8 barbermaskin BRA8417S,,https://www.elkjop.no/product/styling-og-velvare/barbermaskin-og-trimmer/barbermaskiner-og-skjeggtrimmere/335645/braun-series-8-barbermaskin-bra8417s,"['60 min. brukstid, Wet & Dry', 'Sonisk teknologi', 'Ladestativ inkl.']",3 495,https://www.elkjop.no/image/dv_web_D180001002787555/335645/braun-series-8-barbermaskin-bra8417s.jpg?$digital220x220$,True,4,1,elkjop.no,P&G,NO,Search,5,https://www.elkjop.no/search?SearchTerm=barbermaskin&search=&searchResultTab=,1
335636,Braun Series 9 Pro barbermaskin BRA9476CC,,https://www.elkjop.no/product/styling-og-velvare/barbermaskin-og-trimmer/barbermaskiner-og-skjeggtrimmere/335636/braun-series-9-pro-barbermaskin-bra9476cc,"['60 minutters brukstid, Wet and Dry', 'Sonic-teknologi', 'PowerCase, 5-i-1 SmartCare Center']",4 999,https://www.elkjop.no/image/dv_web_D180001002787238/335636/braun-series-9-pro-barbermaskin-bra9476cc.jpg?$digital220x220$,True,5,1,elkjop.no,P&G,NO,Search,6,https://www.elkjop.no/search?SearchTerm=barbermaskin&search=&searchResultTab=,1
335640,Braun Series 9 Pro barbermaskin BRA9410S,,https://www.elkjop.no/product/styling-og-velvare/barbermaskin-og-trimmer/barbermaskiner-og-skjeggtrimmere/335640/braun-series-9-pro-barbermaskin-bra9410s,"['60 minutters brukstid, Wet and Dry', 'Sonic-teknologi', 'Vannfast']",4 495,https://www.elkjop.no/image/dv_web_D180001002787560/335640/braun-series-9-pro-barbermaskin-bra9410s.jpg?$digital220x220$,True,4,1,elkjop.no,P&G,NO,Search,7,https://www.elkjop.no/search?SearchTerm=barbermaskin&search=&searchResultTab=,1
335643,Braun Series 9 Pro barbermaskin BRA9465CC,,https://www.elkjop.no/product/styling-og-velvare/barbermaskin-og-trimmer/barbermaskiner-og-skjeggtrimmere/335643/braun-series-9-pro-barbermaskin-bra9465cc,"['60 minutters brukstid, Wet and Dry', 'Sonic-teknologi', 'Vannfast, 5-i-1 SmartCare Center']",4 995,https://www.elkjop.no/image/dv_web_D180001002787557/335643/braun-series-9-pro-barbermaskin-bra9465cc.jpg?$digital220x220$,True,,,elkjop.no,P&G,NO,Search,8,https://www.elkjop.no/search?SearchTerm=barbermaskin&search=&searchResultTab=,1
BRA190,Braun barbermaskin,,https://www.elkjop.no/product/styling-og-velvare/barbermaskin-og-trimmer/barbermaskiner-og-skjeggtrimmere/BRA190/braun-barbermaskin,"['Kan brukes i 10 dager på fullt batteri', 'SmartFoil-teknologi fanger opp alle hår', 'Kan rengjøres med vann']",399,https://www.elkjop.no/image/dv_web_D18000100279314/BRA190/braun-barbermaskin.jpg?$digital220x220$,True,"3,7",118,elkjop.no,P&G,NO,Search,9,https://www.elkjop.no/search?SearchTerm=barbermaskin&search=&searchResultTab=,1
ESSL33S503,Panasonic barbermaskin ES-SL33-S503,,https://www.elkjop.no/product/styling-og-velvare/barbermaskin-og-trimmer/barbermaskiner-og-skjeggtrimmere/ESSL33S503/panasonic-barbermaskin-es-sl33-s503,"['21 minutters trådløs bruk', 'Våt og tørr bruk', 'Integrert pop-up trimmer']",599,https://www.elkjop.no/image/dv_web_D18000100242219/ESSL33S503/panasonic-barbermaskin-es-sl33-s503.jpg?$digital220x220$,True,4,1,elkjop.no,P&G,NO,Search,10,https://www.elkjop.no/search?SearchTerm=barbermaskin&search=&searchResultTab=,1
272722,Braun Series 5 barbermaskin 50-M1200S (sort/mint),,https://www.elkjop.no/product/styling-og-velvare/barbermaskin-og-trimmer/272722/braun-series-5-barbermaskin-50-m1200s-sortmint,"['50 minutter brukstid', '3 stk. Flexible Blades', 'EasyClean, vanntett']",899,https://www.elkjop.no/image/dv_web_D180001002674645/272722/braun-series-5-barbermaskin-50-m1200s-sortmint.jpg?$digital220x220$,True,,,elkjop.no,P&G,NO,Search,11,https://www.elkjop.no/search?SearchTerm=barbermaskin&search=&searchResultTab=,1
272723,Braun Series 5 barbermaskin 50-W1200S (sort/hvit),,https://www.elkjop.no/product/styling-og-velvare/barbermaskin-og-trimmer/272723/braun-series-5-barbermaskin-50-w1200s-sorthvit,"['50 minutter brukstid', '3 stk. Flexible Blades', 'EasyClean, vanntett']",1 195,https://www.elkjop.no/image/dv_web_D180001002674657/272723/braun-series-5-barbermaskin-50-w1200s-sorthvit.jpg?$digital220x220$,False,5,1,elkjop.no,P&G,NO,Search,12,https://www.elkjop.no/search?SearchTerm=barbermaskin&search=&searchResultTab=,1
290506,Braun SilkExpert IPL PRO 5 lysbasert hårfjerning PL5139,,https://www.elkjop.no/product/styling-og-velvare/harfjerning-for-kroppen/ipl-harfjerning/290506/braun-silkexpert-ipl-pro-5-lysbasert-harfjerning-pl5139,"['IPL-lys', 'SensoAdapt-sensor', 'Kan brukes til ansikt og armhuler']",5 695,https://www.elkjop.no/image/dv_web_D180001002718150/290506/braun-silkexpert-ipl-pro-5-lysbasert-harfjerning-pl5139.jpg?$digital220x220$,True,"4,1",25,elkjop.no,P&G,NO,Search,1,https://www.elkjop.no/search?SearchTerm=IPL&search=&searchResultTab=,1
24633,Braun SilkExpert PRO lysbasert hårfjerning PL5014,,https://www.elkjop.no/product/styling-og-velvare/harfjerning-for-kroppen/ipl-harfjerning/24633/braun-silkexpert-pro-lysbasert-harfjerning-pl5014,"['IPL-lys', 'SensoAdapt', 'Glimodus']",3 290,https://www.elkjop.no/image/dv_web_D180001002415242/24633/braun-silkexpert-pro-lysbasert-harfjerning-pl5014.jpg?$digital220x220$,True,"4,2",41,elkjop.no,P&G,NO,Search,2,https://www.elkjop.no/search?SearchTerm=IPL&search=&searchResultTab=,1
293592,Philips Lumea Prestige IPL lysbasert hårfjerning BRI957/00,,https://www.elkjop.no/product/styling-og-velvare/harfjerning-for-kroppen/ipl-harfjerning/293592/philips-lumea-prestige-ipl-lysbasert-harfjerning-bri95700,"['4 stk. smarte tilbehør', 'SenseIQ-teknologi', 'Hårfri i 6 måneder']",6 995,https://www.elkjop.no/image/dv_web_D180001002718324/293592/philips-lumea-prestige-ipl-lysbasert-harfjerning-bri95700.jpg?$digital220x220$,True,"4,5",287,elkjop.no,P&G,NO,Search,3,https://www.elkjop.no/search?SearchTerm=IPL&search=&searchResultTab=,1
293594,Philips Lumea Prestige IPL lysbasert hårfjerning BRI955/00,,https://www.elkjop.no/product/styling-og-velvare/harfjerning-for-kroppen/ipl-harfjerning/293594/philips-lumea-prestige-ipl-lysbasert-harfjerning-bri95500,"['3 stk. smarte tilbehør', 'SenseIQ-teknologi', 'Hårfri i 6 måneder']",5 995,https://www.elkjop.no/image/dv_web_D180001002719072/293594/philips-lumea-prestige-ipl-lysbasert-harfjerning-bri95500.jpg?$digital220x220$,True,"4,6",430,elkjop.no,P&G,NO,Search,4,https://www.elkjop.no/search?SearchTerm=IPL&search=&searchResultTab=,1
354816,Phillips Lumea Prestige IPL lysbasert hårfjerning BRI94700 (hvit),,https://www.elkjop.no/product/styling-og-velvare/harfjerning-for-kroppen/ipl-harfjerning/354816/phillips-lumea-prestige-ipl-lysbasert-harfjerning-bri94700-hvit,"['IPL-teknologi', 'SmartSkin-sensor', 'Gratis Lumea-app']",6 499,https://www.elkjop.no/image/dv_web_D180001002829003/354816/phillips-lumea-prestige-ipl-lysbasert-harfjerning-bri94700-hvit.jpg?$digital220x220$,True,"4,5",278,elkjop.no,P&G,NO,Search,5,https://www.elkjop.no/search?SearchTerm=IPL&search=&searchResultTab=,1
29695,Philips Lumea Advanced lysbasert hårfjerning BRI92100,,https://www.elkjop.no/product/styling-og-velvare/harfjerning-for-kroppen/ipl-harfjerning/29695/philips-lumea-advanced-lysbasert-harfjerning-bri92100,"['IPL-teknologi', 'Integrert hudtonesensor', 'Kan brukes på sensitive områder']",3 295,https://www.elkjop.no/image/dv_web_D180001002231825/29695/philips-lumea-advanced-lysbasert-harfjerning-bri92100.jpg?$digital220x220$,True,"4,4",305,elkjop.no,P&G,NO,Search,6,https://www.elkjop.no/search?SearchTerm=IPL&search=&searchResultTab=,1
25744,Silk n Motion lysbasert hårfjerning FGP1PE2001,,https://www.elkjop.no/product/styling-og-velvare/harfjerning-for-kroppen/ipl-harfjerning/25744/silk-n-motion-lysbasert-harfjerning-fgp1pe2001,"['HPL-teknologi', '350 000 pulseringer', 'Permanente resultater']",2 949,https://www.elkjop.no/image/dv_web_D180001002248551/25744/silk-n-motion-lysbasert-haarfjerning-fgp1pe2001.jpg?$digital220x220$,True,"4,2",9,elkjop.no,P&G,NO,Search,7,https://www.elkjop.no/search?SearchTerm=IPL&search=&searchResultTab=,1
IPL3500,Remington Compact IPL lysbasert hårfjerning IPL3500,,https://www.elkjop.no/product/styling-og-velvare/harfjerning-for-kroppen/ipl-harfjerning/IPL3500/remington-compact-ipl-lysbasert-harfjerning-ipl3500,"['IPL-teknologi', 'Opptil 92 % hårreduksjon', 'Lekkert oppbevaringsetui inkludert']",1 795,https://www.elkjop.no/image/dv_web_D18000100254315/IPL3500/remington-compact-ipl-lysbasert-haarfjerning-ipl3500.jpg?$digital220x220$,True,"3,7",3,elkjop.no,P&G,NO,Search,8,https://www.elkjop.no/search?SearchTerm=IPL&search=&searchResultTab=,1
24639,Braun Silk-Expert IPL Pro 5 lysbasert hårfjerning PL5124,,https://www.elkjop.no/product/styling-og-velvare/harfjerning-for-kroppen/ipl-harfjerning/24639/braun-silk-expert-ipl-pro-5-lysbasert-harfjerning-pl5124,"['IPL-teknologi', 'SensoAdapt-sensor', 'Kan brukes på ansikt og underarmer']",3 795,https://www.elkjop.no/image/dv_web_D180001002227939/24639/braun-silk-expert-ipl-pro-5-lysbasert-harfjerning-pl5124.jpg?$digital220x220$,True,"4,6",77,elkjop.no,P&G,NO,Search,9,https://www.elkjop.no/search?SearchTerm=IPL&search=&searchResultTab=,1
26592,Silk n SatinGlow lysbasert hårfjerning FGS1PEU001,,https://www.elkjop.no/product/styling-og-velvare/harfjerning-for-kroppen/ipl-harfjerning/26592/silk-n-satinglow-lysbasert-harfjerning-fgs1peu001,"['HPL-teknologi', 'Skin Color Sensor', 'Kompakt design']",4 695,https://www.elkjop.no/image/dv_web_D180001002242261/26592/silk-n-satinglow-lysbasert-harfjerning-fgs1peu001.jpg?$digital220x220$,True,"4,7",3,elkjop.no,P&G,NO,Search,10,https://www.elkjop.no/search?SearchTerm=IPL&search=&searchResultTab=,1
290505,Braun SilkExpert IPL PRO 5 lysbasert hårfjerning PL5237,,https://www.elkjop.no/product/styling-og-velvare/harfjerning-for-kroppen/ipl-harfjerning/290505/braun-silkexpert-ipl-pro-5-lysbasert-harfjerning-pl5237,"['IPL-lys', 'SensoAdapt-sensor', 'Kan brukes til ansikt og armhuler']",5 649,https://www.elkjop.no/image/dv_web_D180001002718289/290505/braun-silkexpert-ipl-pro-5-lysbasert-harfjerning-pl5237.jpg?$digital220x220$,True,"4,3",27,elkjop.no,P&G,NO,Search,11,https://www.elkjop.no/search?SearchTerm=IPL&search=&searchResultTab=,1
54104,Silk’n Infinity Smooth lysbasert hårfjerning INF1PE1C1001,,https://www.elkjop.no/product/styling-og-velvare/harfjerning-for-kroppen/ipl-harfjerning/54104/silk-n-infinity-smooth-lysbasert-harfjerning-inf1pe1c1001,"['eHPL-teknologi', 'For alle hudtoner, 5 innstillinger', '400 000 pulseringer']",4 695,https://www.elkjop.no/image/dv_web_D180001002308805/54104/silkn-infinity-smooth-lysbasert-haarfjerning-inf1pe1c1001.jpg?$digital220x220$,True,"4,2",8,elkjop.no,P&G,NO,Search,12,https://www.elkjop.no/search?SearchTerm=IPL&search=&searchResultTab=,1
304738,Oral-B Essential tanntråd 005029,,https://www.elkjop.no/product/styling-og-velvare/tannpleie/andre-tannpleieprodukter/304738/oral-b-essential-tanntrad-005029,"['50 m tanntråd', 'Avansert 2-lags design', 'Mintsmak']",25,https://www.elkjop.no/image/dv_web_D180001002725196/304738/oral-b-essential-tanntrad-005029.jpg?$digital220x220$,True,,,elkjop.no,P&G,NO,Search,1,https://www.elkjop.no/search?SearchTerm=tanntr%C3%A5d&search=&searchResultTab=,1
304734,Oral-B Super tanntråd 017369,,https://www.elkjop.no/product/styling-og-velvare/tannpleie/andre-tannpleieprodukter/304734/oral-b-super-tanntrad-017369,"['50 stk. forhåndskuttede tråder', '3-i-1 tanntråd', 'Ideell for streng og broer']",27,https://www.elkjop.no/image/dv_web_D180001002725160/304734/oral-b-super-tanntrad-017369.jpg?$digital220x220$,True,"2,3",3,elkjop.no,P&G,NO,Search,2,https://www.elkjop.no/search?SearchTerm=tanntr%C3%A5d&search=&searchResultTab=,1
304739,Oral-B Satin tanntråd 017947,,https://www.elkjop.no/product/styling-og-velvare/tannpleie/andre-tannpleieprodukter/304739/oral-b-satin-tanntrad-017947,"['25 m tanntråd', 'Satenglignende tekstur', 'Mintsmak']",27,https://www.elkjop.no/image/dv_web_D180001002725132/304739/oral-b-satin-tanntrad-017947.jpg?$digital220x220$,True,,,elkjop.no,P&G,NO,Search,3,https://www.elkjop.no/search?SearchTerm=tanntr%C3%A5d&search=&searchResultTab=,1
304729,Oral-B ProExpert Premium tanntråd 854462,,https://www.elkjop.no/product/styling-og-velvare/tannpleie/andre-tannpleieprodukter/304729/oral-b-proexpert-premium-tanntrad-854462,"['40 m tanntråd', 'Motvirker tannkjøttbetennelse', 'Mintsmak']",37,https://www.elkjop.no/image/dv_web_D180001002725142/304729/oral-b-proexpert-premium-tanntrad-854462.jpg?$digital220x220$,True,,,elkjop.no,P&G,NO,Search,4,https://www.elkjop.no/search?SearchTerm=tanntr%C3%A5d&search=&searchResultTab=,1
HX8331,Philips Sonicare AirFloss Pro HX8331,,https://www.elkjop.no/product/styling-og-velvare/tannpleie/munndusj/HX8331/philips-sonicare-airfloss-pro-hx8331,"['Unik rengjøringsteknologi', 'Inntil 99% plakkfjerning', 'Velg mellom tre styrker']",1 295,https://www.elkjop.no/image/dv_web_D18000100251824/HX8331/philips-sonicare-airfloss-pro-hx8331.jpg?$digital220x220$,False,"3,1",74,elkjop.no,P&G,NO,Search,5,https://www.elkjop.no/search?SearchTerm=tanntr%C3%A5d&search=&searchResultTab=,1
290506,Braun SilkExpert IPL PRO 5 lysbasert hårfjerning PL5139,,https://www.elkjop.no/product/styling-og-velvare/harfjerning-for-kroppen/ipl-harfjerning/290506/braun-silkexpert-ipl-pro-5-lysbasert-harfjerning-pl5139,"['IPL-lys', 'SensoAdapt-sensor', 'Kan brukes til ansikt og armhuler']",5 695,https://www.elkjop.no/image/dv_web_D180001002718150/290506/braun-silkexpert-ipl-pro-5-lysbasert-harfjerning-pl5139.jpg?$digital220x220$,True,"4,1",25,elkjop.no,P&G,NO,Search,1,https://www.elkjop.no/search?SearchTerm=h%C3%A5rfjerning&search=&searchResultTab=,1
24633,Braun SilkExpert PRO lysbasert hårfjerning PL5014,,https://www.elkjop.no/product/styling-og-velvare/harfjerning-for-kroppen/ipl-harfjerning/24633/braun-silkexpert-pro-lysbasert-harfjerning-pl5014,"['IPL-lys', 'SensoAdapt', 'Glimodus']",3 290,https://www.elkjop.no/image/dv_web_D180001002415242/24633/braun-silkexpert-pro-lysbasert-harfjerning-pl5014.jpg?$digital220x220$,True,"4,2",41,elkjop.no,P&G,NO,Search,2,https://www.elkjop.no/search?SearchTerm=h%C3%A5rfjerning&search=&searchResultTab=,1
293592,Philips Lumea Prestige IPL lysbasert hårfjerning BRI957/00,,https://www.elkjop.no/product/styling-og-velvare/harfjerning-for-kroppen/ipl-harfjerning/293592/philips-lumea-prestige-ipl-lysbasert-harfjerning-bri95700,"['4 stk. smarte tilbehør', 'SenseIQ-teknologi', 'Hårfri i 6 måneder']",6 995,https://www.elkjop.no/image/dv_web_D180001002718324/293592/philips-lumea-prestige-ipl-lysbasert-harfjerning-bri95700.jpg?$digital220x220$,True,"4,5",287,elkjop.no,P&G,NO,Search,3,https://www.elkjop.no/search?SearchTerm=h%C3%A5rfjerning&search=&searchResultTab=,1
293594,Philips Lumea Prestige IPL lysbasert hårfjerning BRI955/00,,https://www.elkjop.no/product/styling-og-velvare/harfjerning-for-kroppen/ipl-harfjerning/293594/philips-lumea-prestige-ipl-lysbasert-harfjerning-bri95500,"['3 stk. smarte tilbehør', 'SenseIQ-teknologi', 'Hårfri i 6 måneder']",5 995,https://www.elkjop.no/image/dv_web_D180001002719072/293594/philips-lumea-prestige-ipl-lysbasert-harfjerning-bri95500.jpg?$digital220x220$,True,"4,6",430,elkjop.no,P&G,NO,Search,4,https://www.elkjop.no/search?SearchTerm=h%C3%A5rfjerning&search=&searchResultTab=,1
354816,Phillips Lumea Prestige IPL lysbasert hårfjerning BRI94700 (hvit),,https://www.elkjop.no/product/styling-og-velvare/harfjerning-for-kroppen/ipl-harfjerning/354816/phillips-lumea-prestige-ipl-lysbasert-harfjerning-bri94700-hvit,"['IPL-teknologi', 'SmartSkin-sensor', 'Gratis Lumea-app']",6 499,https://www.elkjop.no/image/dv_web_D180001002829003/354816/phillips-lumea-prestige-ipl-lysbasert-harfjerning-bri94700-hvit.jpg?$digital220x220$,True,"4,5",278,elkjop.no,P&G,NO,Search,5,https://www.elkjop.no/search?SearchTerm=h%C3%A5rfjerning&search=&searchResultTab=,1
29695,Philips Lumea Advanced lysbasert hårfjerning BRI92100,,https://www.elkjop.no/product/styling-og-velvare/harfjerning-for-kroppen/ipl-harfjerning/29695/philips-lumea-advanced-lysbasert-harfjerning-bri92100,"['IPL-teknologi', 'Integrert hudtonesensor', 'Kan brukes på sensitive områder']",3 295,https://www.elkjop.no/image/dv_web_D180001002231825/29695/philips-lumea-advanced-lysbasert-harfjerning-bri92100.jpg?$digital220x220$,True,"4,4",305,elkjop.no,P&G,NO,Search,6,https://www.elkjop.no/search?SearchTerm=h%C3%A5rfjerning&search=&searchResultTab=,1
25744,Silk n Motion lysbasert hårfjerning FGP1PE2001,,https://www.elkjop.no/product/styling-og-velvare/harfjerning-for-kroppen/ipl-harfjerning/25744/silk-n-motion-lysbasert-harfjerning-fgp1pe2001,"['HPL-teknologi', '350 000 pulseringer', 'Permanente resultater']",2 949,https://www.elkjop.no/image/dv_web_D180001002248551/25744/silk-n-motion-lysbasert-haarfjerning-fgp1pe2001.jpg?$digital220x220$,True,"4,2",9,elkjop.no,P&G,NO,Search,7,https://www.elkjop.no/search?SearchTerm=h%C3%A5rfjerning&search=&searchResultTab=,1
BEU20439,Beurer Beauty varm voks hårfjerning reservesett 20439,,https://www.elkjop.no/product/styling-og-velvare/harfjerning-for-kroppen/ladyshavere-og-bikinitrimmere/BEU20439/beurer-beauty-varm-voks-harfjerning-reservesett-20439,"['Reservesett for Beurer HL 40', 'Profesjonell kvalitet', 'Langvarig effekt']",249,https://www.elkjop.no/image/dv_web_D18000100230125/BEU20439/beurer-beauty-varm-voks-haarfjerning-reservesett-20439.jpg?$digital220x220$,True,,,elkjop.no,P&G,NO,Search,8,https://www.elkjop.no/search?SearchTerm=h%C3%A5rfjerning&search=&searchResultTab=,1
IPL3500,Remington Compact IPL lysbasert hårfjerning IPL3500,,https://www.elkjop.no/product/styling-og-velvare/harfjerning-for-kroppen/ipl-harfjerning/IPL3500/remington-compact-ipl-lysbasert-harfjerning-ipl3500,"['IPL-teknologi', 'Opptil 92 % hårreduksjon', 'Lekkert oppbevaringsetui inkludert']",1 795,https://www.elkjop.no/image/dv_web_D18000100254315/IPL3500/remington-compact-ipl-lysbasert-haarfjerning-ipl3500.jpg?$digital220x220$,True,"3,7",3,elkjop.no,P&G,NO,Search,9,https://www.elkjop.no/search?SearchTerm=h%C3%A5rfjerning&search=&searchResultTab=,1
146850,Braun Silk-expert Pro 3 lysbasert hårfjerning PL3012,,https://www.elkjop.no/product/styling-og-velvare/harfjerning-for-kroppen/ipl-harfjerning/146850/braun-silk-expert-pro-3-lysbasert-harfjerning-pl3012,"['IPL-teknologi', 'SensoAdapt-sensor', 'Permanent hårreduksjon']",2 495,https://www.elkjop.no/image/dv_web_D180001002371558/146850/braun-silk-expert-pro-3-lysbasert-harfjerning-pl3012.jpg?$digital220x220$,True,"3,7",27,elkjop.no,P&G,NO,Search,10,https://www.elkjop.no/search?SearchTerm=h%C3%A5rfjerning&search=&searchResultTab=,1
29697,Philips Lumea Advanced lysbasert hårfjerning BRI92300,,https://www.elkjop.no/product/styling-og-velvare/harfjerning-for-kroppen/ipl-harfjerning/29697/philips-lumea-advanced-lysbasert-harfjerning-bri92300,"['IPL-teknologi', 'Spesielt ansiktstilbehør', 'Skånsom behandling']",2 990,https://www.elkjop.no/image/dv_web_D180001002234184/29697/philips-lumea-advanced-lysbasert-haarfjerning-bri92300.jpg?$digital220x220$,True,"4,6",150,elkjop.no,P&G,NO,Search,11,https://www.elkjop.no/search?SearchTerm=h%C3%A5rfjerning&search=&searchResultTab=,1
24634,Braun Silk-expert PRO 3 lysbasert hårfjerning PL3132,,https://www.elkjop.no/product/styling-og-velvare/harfjerning-for-kroppen/ipl-harfjerning/24634/braun-silk-expert-pro-3-lysbasert-harfjerning-pl3132,"['IPL-lys', 'SensoAdapt-sensor', 'Kan brukes i ansiktet']",3 495,https://www.elkjop.no/image/dv_web_D180001002415441/24634/braun-silk-expert-pro-3-lysbasert-haarfjerning-pl3132.jpg?$digital220x220$,True,"3,9",18,elkjop.no,P&G,NO,Search,12,https://www.elkjop.no/search?SearchTerm=h%C3%A5rfjerning&search=&searchResultTab=,1
303794,Philips 9000 Series multigroomer MG971090 (+Philips OneBlade),,https://www.elkjop.no/product/styling-og-velvare/harfjerning-for-kroppen/harfjerning/303794/philips-9000-series-multigroomer-mg971090-philips-oneblade,"['12-i-1-trimmer', 'Brukstid: 2 timer', 'Philips OneBlade inkl.']",899,https://www.elkjop.no/image/dv_web_D180001002822254/303794/philips-9000-series-multigroomer-mg971090-philips-oneblade.jpg?$digital220x220$,True,"4,8",26,elkjop.no,P&G,NO,Search,1,https://www.elkjop.no/search?SearchTerm=trimmer&search=&searchResultTab=,1
309781,Philips MG7715/15 multigroomer MG771515V2,,https://www.elkjop.no/product/styling-og-velvare/barbermaskin-og-trimmer/barbermaskiner-og-skjeggtrimmere/309781/philips-mg771515-multigroomer-mg771515v2,"['13 tilbehør', '2 timer brukstid per opplading', 'Vanntett']",449,https://www.elkjop.no/image/dv_web_D180001002744622/309781/philips-mg771515-multigroomer-mg771515v2.jpg?$digital220x220$,True,"4,5",193,elkjop.no,P&G,NO,Search,2,https://www.elkjop.no/search?SearchTerm=trimmer&search=&searchResultTab=,1
335644,Braun Series XT5 multigroomer 400424,,https://www.elkjop.no/product/styling-og-velvare/barbermaskin-og-trimmer/barbermaskiner-og-skjeggtrimmere/335644/braun-series-xt5-multigroomer-400424,"['Alt-i-ett, 45 min brukstid', '4D-bladteknologi', 'Vanntett, 2-veis kam']",699,https://www.elkjop.no/image/dv_web_D180001002871123/335644/braun-series-xt5-multigroomer-400424.jpg?$digital220x220$,True,"3,7",3,elkjop.no,P&G,NO,Search,3,https://www.elkjop.no/search?SearchTerm=trimmer&search=&searchResultTab=,1
335647,Braun Series XT5 multigroomer 400400,,https://www.elkjop.no/product/styling-og-velvare/barbermaskin-og-trimmer/barbermaskiner-og-skjeggtrimmere/335647/braun-series-xt5-multigroomer-400400,"['Alt-i-ett, 45 min brukstid', '4D-bladteknologi', 'Vanntett, 2-veis kam']",649,https://www.elkjop.no/image/dv_web_D180001002871121/335647/braun-series-xt5-multigroomer-400400.jpg?$digital220x220$,True,,,elkjop.no,P&G,NO,Search,4,https://www.elkjop.no/search?SearchTerm=trimmer&search=&searchResultTab=,1
MG573015,MG5730/15 Philips Series 5000 multigroomer,,https://www.elkjop.no/product/styling-og-velvare/barbermaskin-og-trimmer/barbermaskiner-og-skjeggtrimmere/MG573015/mg573015-philips-series-5000-multigroomer,"['11-i-1-trimmer', '80 min brukstid', '2 års garanti']",499,https://www.elkjop.no/image/dv_web_D18000100262732/MG573015/mg573015-philips-series-5000-multigroomer.jpg?$digital220x220$,False,"4,4",143,elkjop.no,P&G,NO,Search,5,https://www.elkjop.no/search?SearchTerm=trimmer&search=&searchResultTab=,1
MG373015,MG3730/15 Philips Series 3000 multigroomer,,https://www.elkjop.no/product/styling-og-velvare/barbermaskin-og-trimmer/barbermaskiner-og-skjeggtrimmere/MG373015/mg373015-philips-series-3000-multigroomer,"['8-i-1-trimmer', '60 min brukstid', '2-års garanti']",315,https://www.elkjop.no/image/dv_web_D18000100263811/MG373015/mg373015-philips-series-3000-multigroomer.jpg?$digital220x220$,False,"4,4",183,elkjop.no,P&G,NO,Search,6,https://www.elkjop.no/search?SearchTerm=trimmer&search=&searchResultTab=,1
HP6393,Philips trimmer for kvinner HP6393,,https://www.elkjop.no/product/styling-og-velvare/harfjerning-for-kroppen/epilator/HP6393/philips-trimmer-for-kvinner-hp6393,"['Kompakt og bærbar', 'Tilbehør til kropp og ansikt', 'Kam til øyenbrynene']",249,https://www.elkjop.no/image/dv_web_D18000100251132/HP6393/philips-trimmer-for-kvinner-hp6393.jpg?$digital220x220$,True,"4,4",76,elkjop.no,P&G,NO,Search,7,https://www.elkjop.no/search?SearchTerm=trimmer&search=&searchResultTab=,1
FG1103,Braun 3-i-1 trimmer FG1103,,https://www.elkjop.no/product/styling-og-velvare/harfjerning-for-kroppen/ladyshavere-og-bikinitrimmere/FG1103/braun-3-i-1-trimmer-fg1103,"['3-i-1 trimmer', 'For sensitive områder', '4 stk. tilbehør']",279,https://www.elkjop.no/image/dv_web_D18000100248548/FG1103/braun-3-i-1-trimmer-fg1103.jpg?$digital220x220$,True,"2,4",10,elkjop.no,P&G,NO,Search,8,https://www.elkjop.no/search?SearchTerm=trimmer&search=&searchResultTab=,1
309782,Philips OneBlade trimmer QP2520/20V2,,https://www.elkjop.no/product/styling-og-velvare/barbermaskin-og-trimmer/barbermaskiner-og-skjeggtrimmere/309782/philips-oneblade-trimmer-qp252020v2,"['45 min brukstid', 'Oppgradert OneBlade-teknologi', '3 påklikkbare kammer']",299,https://www.elkjop.no/image/dv_web_D180001002871499/309782/philips-oneblade-trimmer-qp252020v2.jpg?$digital220x220$,True,"4,3",779,elkjop.no,P&G,NO,Search,9,https://www.elkjop.no/search?SearchTerm=trimmer&search=&searchResultTab=,1
54143,Remington Heritage trimmer MPT1000,,https://www.elkjop.no/product/styling-og-velvare/barbermaskin-og-trimmer/barbermaskiner-og-skjeggtrimmere/54143/remington-heritage-trimmer-mpt1000,"['Kompakt design', 'Auto-bladaktivering', 'Batteridrevet']",395,https://www.elkjop.no/image/dv_web_D180001002311369/54143/remington-heritage-trimmer-mpt1000.jpg?$digital220x220$,True,2,1,elkjop.no,P&G,NO,Search,10,https://www.elkjop.no/search?SearchTerm=trimmer&search=&searchResultTab=,1
335669,Philips OneBlade Pro trimmer QP665061,,https://www.elkjop.no/product/styling-og-velvare/barbermaskin-og-trimmer/barbermaskiner-og-skjeggtrimmere/335669/philips-oneblade-pro-trimmer-qp665061,"['Brukstid: 120 minutter', 'OneBlade-teknologi', 'Trimmeinnstillinger: 0,4 – 10 mm']",1 299,https://www.elkjop.no/image/dv_web_D180001002835461/335669/philips-oneblade-pro-trimmer-qp665061.jpg?$digital220x220$,True,"4,5",90,elkjop.no,P&G,NO,Search,11,https://www.elkjop.no/search?SearchTerm=trimmer&search=&searchResultTab=,1
54131,Remington Graphite Series G4 trimmer PG4000,,https://www.elkjop.no/product/styling-og-velvare/barbermaskin-og-trimmer/barbermaskiner-og-skjeggtrimmere/54131/remington-graphite-series-g4-trimmer-pg4000,"['Alt-i-ett trimmer', '60 min trådløs bruk', 'Vaskbare blader og tilbehør']",399,https://www.elkjop.no/image/dv_web_D180001002302049/54131/remington-graphite-series-g4-trimmer-pg4000.jpg?$digital220x220$,True,,,elkjop.no,P&G,NO,Search,12,https://www.elkjop.no/search?SearchTerm=trimmer&search=&searchResultTab=,1
RQ1150ACC,Philips Skjærehode Senso Touch 2D,,https://www.elkjop.no/product/styling-og-velvare/barbermaskin-og-trimmer/barbermaskiner-og-skjeggtrimmere/RQ1150ACC/philips-skjarehode-senso-touch-2d,"['Bytt skjærehoder hvert 2. år', 'For Senso Touch 2D-barbermaskiner', 'Til RQ1150, RQ1160, RQ1170, RQ1180']",649,https://www.elkjop.no/image/dv_web_D18000100268294/RQ1150ACC/philips-skjaerehode-senso-touch-2d.jpg?$digital220x220$,True,"4,4",14,elkjop.no,P&G,NO,Search,1,https://www.elkjop.no/search?SearchTerm=barberblad&search=&searchResultTab=,1
SPFXF85,Remington skjærehode til barbermaskin SPF-XF85,,https://www.elkjop.no/product/styling-og-velvare/barbermaskin-og-trimmer/barbermaskiner-og-skjeggtrimmere/SPFXF85/remington-skjarehode-til-barbermaskin-spf-xf85,"['Bytt skjærehode', 'Til Remington XF8500', 'Active Hybrid teknologi']",439,https://www.elkjop.no/image/dv_web_D18000100270736/SPFXF85/remington-skjaerehode-til-barbermaskin-spf-xf85.jpg?$digital220x220$,True,5,1,elkjop.no,P&G,NO,Search,2,https://www.elkjop.no/search?SearchTerm=barberblad&search=&searchResultTab=,1
SPFXF87,Remington skjærehode SPF-XF87,,https://www.elkjop.no/product/styling-og-velvare/barbermaskin-og-trimmer/barbermaskiner-og-skjeggtrimmere/SPFXF87/remington-skjarehode-spf-xf87,"['Bytt skjærehode', 'Til Remington XF8700', 'Active Hybrid teknologi']",439,https://www.elkjop.no/image/dv_web_D18000100270580/SPFXF87/remington-skjaerehode-spf-xf87.jpg?$digital220x220$,True,,,elkjop.no,P&G,NO,Search,3,https://www.elkjop.no/search?SearchTerm=barberblad&search=&searchResultTab=,1
SPTF2,Remington skjærehode SPTF2,,https://www.elkjop.no/product/styling-og-velvare/barbermaskin-og-trimmer/barbermaskiner-og-skjeggtrimmere/SPTF2/remington-skjarehode-sptf2,"['100 % barberingsytelse', 'Roterende skjærehode', 'Barberingstilbehør']",439,https://www.elkjop.no/image/dv_web_D18000100274377/SPTF2/remington-skjaerehode-sptf2.jpg?$digital220x220$,True,3,1,elkjop.no,P&G,NO,Search,4,https://www.elkjop.no/search?SearchTerm=barberblad&search=&searchResultTab=,1
294288,Braun Series 5 skjærehode BRA53B,,https://www.elkjop.no/product/styling-og-velvare/barbermaskin-og-trimmer/barbermaskiner-og-skjeggtrimmere/294288/braun-series-5-skjarehode-bra53b,"['Til Braun Series 5 barbermaskiner', 'For nær og sensitiv barbering', 'Bør byttes hver 18. måned']",399,https://www.elkjop.no/image/dv_web_D180001002707141/294288/braun-series-5-skjarehode-bra53b.jpg?$digital220x220$,True,,,elkjop.no,P&G,NO,Search,5,https://www.elkjop.no/search?SearchTerm=barberblad&search=&searchResultTab=,1
BRA32S,Braun Series 3 skjærehode 32S (sølv),,https://www.elkjop.no/product/styling-og-velvare/barbermaskin-og-trimmer/barbermaskiner-og-skjeggtrimmere/BRA32S/braun-series-3-skjarehode-32s-solv,"['Bytt skjærehode', 'Til Braun Series 3 barbermaskiner', 'Bør byttes hver 18. måned']",365,https://www.elkjop.no/image/dv_web_D180001002449247/BRA32S/braun-series-3-skjaerehode-32s-soelv.jpg?$digital220x220$,True,3,2,elkjop.no,P&G,NO,Search,6,https://www.elkjop.no/search?SearchTerm=barberblad&search=&searchResultTab=,1
SPRAQ,Remington AQ7 skjærehode SPRAQ,,https://www.elkjop.no/product/styling-og-velvare/barbermaskin-og-trimmer/barbermaskiner-og-skjeggtrimmere/SPRAQ/remington-aq7-skjarehode-spraq,"['Roterende hode', 'Gir perfekte resultater', 'Tilbehør for AQ7 modellen']",379,https://www.elkjop.no/image/dv_web_D18000100270782/SPRAQ/remington-aq7-skjaerehode-spraq.jpg?$digital220x220$,True,1,1,elkjop.no,P&G,NO,Search,7,https://www.elkjop.no/search?SearchTerm=barberblad&search=&searchResultTab=,1
BRA32B,Braun Series 3 skjærehode 32B (sort),,https://www.elkjop.no/product/styling-og-velvare/barbermaskin-og-trimmer/barbermaskiner-og-skjeggtrimmere/BRA32B/braun-series-3-skjarehode-32b-sort,"['Bytt skjærehode', 'Til Braun Series 3 barbermaskiner', 'Bør byttes hver 18. måned']",364,https://www.elkjop.no/image/dv_web_D180001002449181/BRA32B/braun-series-3-skjaerehode-32b-sort.jpg?$digital220x220$,True,"3,8",6,elkjop.no,P&G,NO,Search,8,https://www.elkjop.no/search?SearchTerm=barberblad&search=&searchResultTab=,1
BRA52S,Braun Series 5 skjærehode 52S (sølv),,https://www.elkjop.no/product/styling-og-velvare/barbermaskin-og-trimmer/barbermaskiner-og-skjeggtrimmere/BRA52S/braun-series-5-skjarehode-52s-solv,"['Bytt skjærehode', 'Til Braun Series 5 barbermaskin', 'Bør byttes hver 18. måned']",429,https://www.elkjop.no/image/dv_web_D18000100230536/BRA52S/braun-series-5-skjaerehode-52s-soelv.jpg?$digital220x220$,True,5,3,elkjop.no,P&G,NO,Search,9,https://www.elkjop.no/search?SearchTerm=barberblad&search=&searchResultTab=,1
309773,Philips OneBlade barberblad QP230/50V2,,https://www.elkjop.no/product/styling-og-velvare/harfjerning-for-kroppen/barberhovler/309773/philips-oneblade-barberblad-qp23050v2,"['3 stk. erstatningsblader', 'Til Philips OneBlade', 'Enkel å feste']",399,https://www.elkjop.no/image/dv_web_D180001002738578/309773/philips-oneblade-barberblad-qp23050v2.jpg?$digital220x220$,True,"3,5",93,elkjop.no,P&G,NO,Search,10,https://www.elkjop.no/search?SearchTerm=barberblad&search=&searchResultTab=,1
309779,Philips OneBlade barberblad QP610/50V2,,https://www.elkjop.no/product/styling-og-velvare/harfjerning-for-kroppen/barberhovler/309779/philips-oneblade-barberblad-qp61050v2,"['1 stk. refillblad', 'Til Philips OneBlade', 'Enkelt å feste']",249,https://www.elkjop.no/image/dv_web_D180001002738559/309779/philips-oneblade-barberblad-qp61050v2.jpg?$digital220x220$,False,"4,5",45,elkjop.no,P&G,NO,Search,11,https://www.elkjop.no/search?SearchTerm=barberblad&search=&searchResultTab=,1
BRA70S,Braun Series 7 skjærehode 70S (sølv),,https://www.elkjop.no/product/styling-og-velvare/barbermaskin-og-trimmer/barbermaskiner-og-skjeggtrimmere/BRA70S/braun-series-7-skjarehode-70s-solv,"['Bytt skjærehode', 'Til Braun Series 7 barbermaskiner', 'Bør byttes hver 18. måned']",439,https://www.elkjop.no/image/dv_web_D180001002449198/BRA70S/braun-series-7-skjaerehode-70s-soelv.jpg?$digital220x220$,True,5,9,elkjop.no,P&G,NO,Search,12,https://www.elkjop.no/search?SearchTerm=barberblad&search=&searchResultTab=,1
HX6032,Philips Sonicare For Kids Compact børstehode (2 stk),,https://www.elkjop.no/product/styling-og-velvare/tannpleie/tannborstehoder/HX6032/philips-sonicare-for-kids-compact-borstehode-2-stk,"['2 børstehoder i pakken', 'Fra 4+ år', 'Bør byttes hver 3. måned']",179,https://www.elkjop.no/image/dv_web_D18000100251797/HX6032/philips-sonicare-for-kids-compact-borstehode-2-stk.jpg?$digital220x220$,True,5,3,elkjop.no,P&G,NO,Search,1,https://www.elkjop.no/search?SearchTerm=b%C3%B8rstehode&search=&searchResultTab=,1
HX6042,Philips Sonicare For Kids standard børstehode (2 stk),,https://www.elkjop.no/product/styling-og-velvare/tannpleie/tannborstehoder/HX6042/philips-sonicare-for-kids-standard-borstehode-2-stk,"['2 børstehoder i pakken', 'Fra 7+ år', 'Bør byttes hver 3. måned']",189,https://www.elkjop.no/image/dv_web_D18000100251850/HX6042/philips-sonicare-for-kids-standard-boerstehode-2-stk.jpg?$digital220x220$,True,,,elkjop.no,P&G,NO,Search,2,https://www.elkjop.no/search?SearchTerm=b%C3%B8rstehode&search=&searchResultTab=,1
EB185,Oral B 3D White børstehode EB185,,https://www.elkjop.no/product/styling-og-velvare/tannpleie/tannborstehoder/EB185/oral-b-3d-white-borstehode-eb185,"['Pakke med 5 børstehoder', 'Spesiell poleringsfunksjon', 'For naturlig hvitere tenner']",279,https://www.elkjop.no/image/dv_web_D180001002407983/EB185/oral-b-3d-white-boerstehode-eb185.jpg?$digital220x220$,False,"4,6",5,elkjop.no,P&G,NO,Search,3,https://www.elkjop.no/search?SearchTerm=b%C3%B8rstehode&search=&searchResultTab=,1
EB252FA,Oral-B FlossAction børstehode EB252FA,,https://www.elkjop.no/product/styling-og-velvare/tannpleie/tannborstehoder/EB252FA/oral-b-flossaction-borstehode-eb252fa,"['Pakke med 2 børstehode', 'Omgir hver tann', 'En indikator vil varsle deg når det er på tide å bytte børstehode']",119,https://www.elkjop.no/image/dv_web_D180001002408059/EB252FA/oral-b-flossaction-boerstehode-eb252fa.jpg?$digital220x220$,False,"4,8",6,elkjop.no,P&G,NO,Search,4,https://www.elkjop.no/search?SearchTerm=b%C3%B8rstehode&search=&searchResultTab=,1
EB302,Oral-B TriZone børstehode EB302,,https://www.elkjop.no/product/styling-og-velvare/tannpleie/tannborstehoder/EB302/oral-b-trizone-borstehode-eb302,"['Pakke med 2 børstehode', 'Dypere rengjøring', 'Formet som en vanlig manuell tannbørste']",127,https://www.elkjop.no/image/dv_web_D18000100248243/EB302/oral-b-trizone-boerstehode-eb302.jpg?$digital220x220$,False,"3,9",16,elkjop.no,P&G,NO,Search,5,https://www.elkjop.no/search?SearchTerm=b%C3%B8rstehode&search=&searchResultTab=,1
EB304,Oral-B TriZone børstehode EB304,,https://www.elkjop.no/product/styling-og-velvare/tannpleie/tannborstehoder/EB304/oral-b-trizone-borstehode-eb304,"['Pakke med 4 børstehoder', 'Dypere rengjøring', 'Formet som en vanlig manuell tannbørste']",199,https://www.elkjop.no/image/dv_web_D180001002510091/EB304/oral-b-trizone-boerstehode-eb304.jpg?$digital220x220$,False,"3,9",17,elkjop.no,P&G,NO,Search,6,https://www.elkjop.no/search?SearchTerm=b%C3%B8rstehode&search=&searchResultTab=,1
EB255,Oral-B FlossAction børstehode EB255,,https://www.elkjop.no/product/styling-og-velvare/tannpleie/tannborstehoder/EB255/oral-b-flossaction-borstehode-eb255,"['Pakke med 5 børstehode', 'Omgir hver tann', 'En indikator vil varsle deg når det er på tide å bytte børstehode']",239,https://www.elkjop.no/image/dv_web_D180001002407975/EB255/oral-b-flossaction-boerstehode-eb255.jpg?$digital220x220$,False,"4,8",6,elkjop.no,P&G,NO,Search,7,https://www.elkjop.no/search?SearchTerm=b%C3%B8rstehode&search=&searchResultTab=,1
EBS173,Oral-B Sensitive børstehode,,https://www.elkjop.no/product/styling-og-velvare/tannpleie/tannborstehoder/EBS173/oral-b-sensitive-borstehode,"['3 børstehoder er inkludert i pakken', 'Ekstra myk bust', 'Skånsom fjerning av plakk']",149,https://www.elkjop.no/image/dv_web_D180001002408072/EBS173/oral-b-sensitive-boerstehode.jpg?$digital220x220$,False,"4,6",13,elkjop.no,P&G,NO,Search,8,https://www.elkjop.no/search?SearchTerm=b%C3%B8rstehode&search=&searchResultTab=,1
EB104FROZEN,Oral B Kids Frost børstehode,,https://www.elkjop.no/product/styling-og-velvare/tannpleie/tannborstehoder/EB104FROZEN/oral-b-kids-frost-borstehode,"['Myk bust', 'For renere tenner og tannkjøtt', 'Frostmotiv']",159,https://www.elkjop.no/image/dv_web_D180001002410523/EB104FROZEN/oral-b-kids-frost-boerstehode.jpg?$digital220x220$,False,5,1,elkjop.no,P&G,NO,Search,9,https://www.elkjop.no/search?SearchTerm=b%C3%B8rstehode&search=&searchResultTab=,1
EB104STARWARS,Oral B EB10 Kids StarWars børstehode 160953,,https://www.elkjop.no/product/styling-og-velvare/tannpleie/tannborstehoder/EB104STARWARS/oral-b-eb10-kids-starwars-borstehode-160953,"['Ekstra myk bust', '4 børstehoder', 'Star Wars design']",159,https://www.elkjop.no/image/dv_web_D180001002410578/EB104STARWARS/oral-b-eb10-kids-starwars-boerstehode-160953.jpg?$digital220x220$,False,,,elkjop.no,P&G,NO,Search,10,https://www.elkjop.no/search?SearchTerm=b%C3%B8rstehode&search=&searchResultTab=,1
COL274621,Colgate ProClinical Sensitive børstehode (2 pakk),,https://www.elkjop.no/product/styling-og-velvare/tannpleie/tannborstehoder/COL274621/colgate-proclinical-sensitive-borstehode-2-pakk,"['2 børstehoder er inkludert', 'Skånsom og dyp rengjøring', 'Passer perfekt til de med sensitive tenner']",127,https://www.elkjop.no/image/dv_web_D180001002786349/COL274621/colgate-proclinical-sensitive-borstehode-2-pakk.jpg?$digital220x220$,False,5,1,elkjop.no,P&G,NO,Search,11,https://www.elkjop.no/search?SearchTerm=b%C3%B8rstehode&search=&searchResultTab=,1
COL274620,Colgate ProClinical Triple Clean børstehode (4 pakk),,https://www.elkjop.no/product/styling-og-velvare/tannpleie/tannborstehoder/COL274620/colgate-proclinical-triple-clean-borstehode-4-pakk,"['4 børstehoder er inkludert i pakken', 'Gir utmerket rengjøring av tenner og tannkjøtt', 'Effektiv fjerning av plakk']",177,https://www.elkjop.no/image/dv_web_D180001002792882/COL274620/colgate-proclinical-triple-clean-borstehode-4-pakk.jpg?$digital220x220$,False,"4,7",3,elkjop.no,P&G,NO,Search,12,https://www.elkjop.no/search?SearchTerm=b%C3%B8rstehode&search=&searchResultTab=,1
GIL465132,Gillette Fusion5 Ultra barbergel 465132,,https://www.elkjop.no/product/styling-og-velvare/harfjerning-for-kroppen/barberskum-og-gel/GIL465132/gillette-fusion5-ultra-barbergel-465132,"['Volum: 200 ml', 'Mykgjør og glatter ut huden', 'Dermatologisk testet']",89,https://www.elkjop.no/image/dv_web_D180001002829320/GIL465132/gillette-fusion5-ultra-barbergel-465132.jpg?$digital220x220$,True,,,elkjop.no,P&G,NO,Search,1,https://www.elkjop.no/search?SearchTerm=barbergel&search=&searchResultTab=,1
GIL980819,Gillette Series Sensitive barbergel,,https://www.elkjop.no/product/styling-og-velvare/harfjerning-for-kroppen/barberskum-og-gel/GIL980819/gillette-series-sensitive-barbergel,"['200 ml', 'Perfekt for sensitiv hud', 'Lett parfymert']",47,https://www.elkjop.no/image/dv_web_D18000100247811/GIL980819/gillette-series-sensitive-barbergel.jpg?$digital220x220$,False,,,elkjop.no,P&G,NO,Search,2,https://www.elkjop.no/search?SearchTerm=barbergel&search=&searchResultTab=,1
19396,Gillette Series Sensitive barbergele,,https://www.elkjop.no/product/styling-og-velvare/harfjerning-for-kroppen/barberskum-og-gel/19396/gillette-series-sensitive-barbergele,"['Aloe Vera', '2x 200ml', 'Pleier og beskytter']",109,https://www.elkjop.no/image/dv_web_D180001002829515/19396/gillette-series-sensitive-barbergele.jpg?$digital220x220$,True,,,elkjop.no,P&G,NO,Search,3,https://www.elkjop.no/search?SearchTerm=barbergel&search=&searchResultTab=,1
GIL073221,Gillette Fusion barbergelé 073221,,https://www.elkjop.no/product/styling-og-velvare/harfjerning-for-kroppen/barberskum-og-gel/GIL073221/gillette-fusion-barbergele-073221,"['Volum: 200 ml', 'Beskytter og tilfører fuktighet', 'Inneholder shea butter']",57,https://www.elkjop.no/image/dv_web_D18000100247019/GIL073221/gillette-fusion-barbergele-073221.jpg?$digital220x220$,False,5,1,elkjop.no,P&G,NO,Search,4,https://www.elkjop.no/search?SearchTerm=barbergel&search=&searchResultTab=,1
GIL065349,Gillette Satin Care Pure & Delicate barbergelé 065349,,https://www.elkjop.no/product/styling-og-velvare/harfjerning-for-kroppen/barberskum-og-gel/GIL065349/gillette-satin-care-pure-delicate-barbergele-065349,"['200 ml', 'Minimerer hudirritasjon', 'Dermatologisk testet']",99,https://www.elkjop.no/image/dv_web_D18000100247020/GIL065349/gillette-satin-care-pure-delicate-barbergele-065349.jpg?$digital220x220$,False,,,elkjop.no,P&G,NO,Search,5,https://www.elkjop.no/search?SearchTerm=barbergel&search=&searchResultTab=,1
350689,Gillette ProGlide barberhøvel for menn 596775 (sort/sølv),,https://www.elkjop.no/product/styling-og-velvare/barbermaskin-og-trimmer/barbermaskiner-og-skjeggtrimmere/350689/gillette-proglide-barberhovel-for-menn-596775-sortsolv,"['FlexBall-teknologi', '5 antifriksjonsblader', '1 stk. barberblad inkludert']",115,https://www.elkjop.no/image/dv_web_D180001002838639/350689/gillette-proglide-barberhovel-for-menn-596775-sortsolv.jpg?$digital220x220$,True,,,elkjop.no,P&G,NO,Search,1,https://www.elkjop.no/search?SearchTerm=barberh%C3%B8vel&search=&searchResultTab=,1
GIL458110,Gillette Fusion5 barberhøvel 458110,,https://www.elkjop.no/product/styling-og-velvare/harfjerning-for-kroppen/barberhovler/GIL458110/gillette-fusion5-barberhovel-458110,"['5 anti-fiksjonsblader', 'Passer alle Fusion5-fester', 'Presisjonstrimmer på baksiden']",129,https://www.elkjop.no/image/dv_web_D180001002410516/GIL458110/gillette-fusion5-barberhoevel-458110.jpg?$digital220x220$,True,,,elkjop.no,P&G,NO,Search,2,https://www.elkjop.no/search?SearchTerm=barberh%C3%B8vel&search=&searchResultTab=,1
GIL263844,Gillette Fusion5 ProGlide barberhoder 263844,,https://www.elkjop.no/product/styling-og-velvare/harfjerning-for-kroppen/barberhovler/GIL263844/gillette-fusion5-proglide-barberhoder-263844,"['Praktisk 4-pakning', '5 stk. antifriksjonsblader', 'For Gillette Fusion5 ProGlide barberhøvler']",199,https://www.elkjop.no/image/dv_web_D180001002829492/GIL263844/gillette-fusion5-proglide-barberhoder-263844.jpg?$digital220x220$,True,,,elkjop.no,P&G,NO,Search,3,https://www.elkjop.no/search?SearchTerm=barberh%C3%B8vel&search=&searchResultTab=,1
GIL462933,Gillette Mach3 barberhoder 462933,,https://www.elkjop.no/product/styling-og-velvare/harfjerning-for-kroppen/barberhovler/GIL462933/gillette-mach3-barberhoder-462933,"['Fem sterke og skarpe blader', '15 barberinger per barberhode', 'Kompatibel med Mach3-barberhøvler']",159,https://www.elkjop.no/image/dv_web_D180001002829014/GIL462933/gillette-mach3-barberhoder-462933.jpg?$digital220x220$,True,,,elkjop.no,P&G,NO,Search,4,https://www.elkjop.no/search?SearchTerm=barberh%C3%B8vel&search=&searchResultTab=,1
GIL851294,Gillette Fusion5 barberblad 851294,,https://www.elkjop.no/product/styling-og-velvare/harfjerning-for-kroppen/barberhovler/GIL851294/gillette-fusion5-barberblad-851294,"['4 stk. erstatningsblader', '5 blad per barberhode', 'Presisjonstrimmer']",189,https://www.elkjop.no/image/dv_web_D180001002829490/GIL851294/gillette-fusion5-barberblad-851294.jpg?$digital220x220$,True,,,elkjop.no,P&G,NO,Search,5,https://www.elkjop.no/search?SearchTerm=barberh%C3%B8vel&search=&searchResultTab=,1
GIL273423,Gillette Fusion ProGlide Power barberhøvel,,https://www.elkjop.no/product/styling-og-velvare/harfjerning-for-kroppen/barberhovler/GIL273423/gillette-fusion-proglide-power-barberhovel,"['3 trimlengder', 'Vibrerende håndtak', 'Vanntett']",329,https://www.elkjop.no/image/dv_web_D180001002407981/GIL273423/gillette-fusion-proglide-power-barberhoevel.jpg?$digital220x220$,True,"4,9",8,elkjop.no,P&G,NO,Search,6,https://www.elkjop.no/search?SearchTerm=barberh%C3%B8vel&search=&searchResultTab=,1
350681,Gillette Mach3 barberhøvel 596713,,https://www.elkjop.no/product/styling-og-velvare/harfjerning-for-kroppen/barberhovler/350681/gillette-mach3-barberhovel-596713,"['For opptil 15 barberinger', 'Tre skarpe blader', 'Ergonomisk håndtak']",99,https://www.elkjop.no/image/dv_web_D180001002826598/350681/gillette-mach3-barberhovel-596713.jpg?$digital220x220$,True,,,elkjop.no,P&G,NO,Search,7,https://www.elkjop.no/search?SearchTerm=barberh%C3%B8vel&search=&searchResultTab=,1
350672,Gillette Fusion5 barberhøvel 596683,,https://www.elkjop.no/product/styling-og-velvare/harfjerning-for-kroppen/barberhovler/350672/gillette-fusion5-barberhovel-596683,"['5 stk. antifriksjonsblader', 'Presisjonstrimmer', '2 stk. barberhoder']",135,https://www.elkjop.no/image/dv_web_D180001002820142/350672/gillette-fusion5-barberhovel-596683.jpg?$digital220x220$,True,,,elkjop.no,P&G,NO,Search,8,https://www.elkjop.no/search?SearchTerm=barberh%C3%B8vel&search=&searchResultTab=,1
350685,Gillette ProShield barberhøvel 596928,,https://www.elkjop.no/product/styling-og-velvare/harfjerning-for-kroppen/barberhovler/350685/gillette-proshield-barberhovel-596928,"['FlexBall-teknologi', '5 antifriksjonsblader', 'Presisjonstrimmer']",180,https://www.elkjop.no/image/dv_web_D180001002818336/350685/gillette-proshield-barberhovel-596928.jpg?$digital220x220$,True,,,elkjop.no,P&G,NO,Search,9,https://www.elkjop.no/search?SearchTerm=barberh%C3%B8vel&search=&searchResultTab=,1
350676,Gillette SkinGuard Sensitive barberhøvel 596959,,https://www.elkjop.no/product/styling-og-velvare/harfjerning-for-kroppen/barberhovler/350676/gillette-skinguard-sensitive-barberhovel-596959,"['For sensitiv hud', 'SkinGuard-funksjon, aloe vera', 'Presisjonstrimmer']",135,https://www.elkjop.no/image/dv_web_D180001002820056/350676/gillette-skinguard-sensitive-barberhovel-596959.jpg?$digital220x220$,True,,,elkjop.no,P&G,NO,Search,10,https://www.elkjop.no/search?SearchTerm=barberh%C3%B8vel&search=&searchResultTab=,1
350677,Gillette Venus Smooth Sensitive barberhøvel 567461,,https://www.elkjop.no/product/styling-og-velvare/harfjerning-for-kroppen/barberhovler/350677/gillette-venus-smooth-sensitive-barberhovel-567461,"['3 blader', 'SkinElixir Lubrastrip', 'Passer fint til sensitiv hud']",139,https://www.elkjop.no/image/dv_web_D180001002817190/350677/gillette-venus-smooth-sensitive-barberhovel-567461.jpg?$digital220x220$,True,,,elkjop.no,P&G,NO,Search,11,https://www.elkjop.no/search?SearchTerm=barberh%C3%B8vel&search=&searchResultTab=,1
350679,Gillette ProGlide Manuel barberhøvel 596836,,https://www.elkjop.no/product/styling-og-velvare/harfjerning-for-kroppen/barberhovler/350679/gillette-proglide-manuel-barberhovel-596836,"['FlexBall-teknologi', '5 antifriksjonsblader', 'Presisjonstrimmer']",160,https://www.elkjop.no/image/dv_web_D180001002818337/350679/gillette-proglide-manuel-barberhovel-596836.jpg?$digital220x220$,True,,,elkjop.no,P&G,NO,Search,12,https://www.elkjop.no/search?SearchTerm=barberh%C3%B8vel&search=&searchResultTab=,1
203505,Gillette Fusion5 barberblader gavesett GIL531073,,https://www.elkjop.no/product/styling-og-velvare/harfjerning-for-kroppen/barberhovler/203505/gillette-fusion5-barberblader-gavesett-gil531073,"['5 antifriksjons barberblader', 'Skånsomt barberskum', 'Reiseveske']",139,https://www.elkjop.no/image/dv_web_D180001002493223/203505/gillette-fusion5-barberblader-gavesett-gil531073.jpg?$digital220x220$,True,,,elkjop.no,P&G,NO,Search,1,https://www.elkjop.no/search?SearchTerm=barberskum&search=&searchResultTab=,1
GIL465132,Gillette Fusion5 Ultra barbergel 465132,,https://www.elkjop.no/product/styling-og-velvare/harfjerning-for-kroppen/barberskum-og-gel/GIL465132/gillette-fusion5-ultra-barbergel-465132,"['Volum: 200 ml', 'Mykgjør og glatter ut huden', 'Dermatologisk testet']",89,https://www.elkjop.no/image/dv_web_D180001002829320/GIL465132/gillette-fusion5-ultra-barbergel-465132.jpg?$digital220x220$,True,,,elkjop.no,P&G,NO,Search,2,https://www.elkjop.no/search?SearchTerm=barberskum&search=&searchResultTab=,1
19396,Gillette Series Sensitive barbergele,,https://www.elkjop.no/product/styling-og-velvare/harfjerning-for-kroppen/barberskum-og-gel/19396/gillette-series-sensitive-barbergele,"['Aloe Vera', '2x 200ml', 'Pleier og beskytter']",109,https://www.elkjop.no/image/dv_web_D180001002829515/19396/gillette-series-sensitive-barbergele.jpg?$digital220x220$,True,,,elkjop.no,P&G,NO,Search,3,https://www.elkjop.no/search?SearchTerm=barberskum&search=&searchResultTab=,1
233977,Philips Quick Clean Pod rensekassetter CC1350,,https://www.elkjop.no/product/styling-og-velvare/harfjerning-for-kroppen/barberskum-og-gel/233977/philips-quick-clean-pod-rensekassetter-cc1350,"['Rensekassetter til Quick Clean Pod', 'Alkoholfri', '2 stk. kassetter i pakken']",249,https://www.elkjop.no/image/dv_web_D180001002547575/233977/philips-quick-clean-pod-rensekassetter-cc1350.jpg?$digital220x220$,True,,,elkjop.no,P&G,NO,Search,4,https://www.elkjop.no/search?SearchTerm=barberskum&search=&searchResultTab=,1
233975,Philips Quick Clean Pod rensekassetter CC1350,,https://www.elkjop.no/product/styling-og-velvare/harfjerning-for-kroppen/barberskum-og-gel/233975/philips-quick-clean-pod-rensekassetter-cc1350,"['Rensekassetter til Quick Clean Pod', 'Alkoholfri', '3 stk. kassetter i pakken']",299,https://www.elkjop.no/image/dv_web_D180001002547572/233975/philips-quick-clean-pod-rensekassetter-cc1350.jpg?$digital220x220$,True,,,elkjop.no,P&G,NO,Search,5,https://www.elkjop.no/search?SearchTerm=barberskum&search=&searchResultTab=,1
233976,Philips Quick Clean Pod rensekassetter CC1350,,https://www.elkjop.no/product/styling-og-velvare/harfjerning-for-kroppen/barberskum-og-gel/233976/philips-quick-clean-pod-rensekassetter-cc1350,"['Rensekassetter til Quick Clean Pod', 'Alkoholfri', '6 stk. kassetter i pakken']",449,https://www.elkjop.no/image/dv_web_D180001002547573/233976/philips-quick-clean-pod-rensekassetter-cc1350.jpg?$digital220x220$,False,,,elkjop.no,P&G,NO,Search,6,https://www.elkjop.no/search?SearchTerm=barberskum&search=&searchResultTab=,1
GIL980819,Gillette Series Sensitive barbergel,,https://www.elkjop.no/product/styling-og-velvare/harfjerning-for-kroppen/barberskum-og-gel/GIL980819/gillette-series-sensitive-barbergel,"['200 ml', 'Perfekt for sensitiv hud', 'Lett parfymert']",47,https://www.elkjop.no/image/dv_web_D18000100247811/GIL980819/gillette-series-sensitive-barbergel.jpg?$digital220x220$,False,,,elkjop.no,P&G,NO,Search,7,https://www.elkjop.no/search?SearchTerm=barberskum&search=&searchResultTab=,1
GIL073221,Gillette Fusion barbergelé 073221,,https://www.elkjop.no/product/styling-og-velvare/harfjerning-for-kroppen/barberskum-og-gel/GIL073221/gillette-fusion-barbergele-073221,"['Volum: 200 ml', 'Beskytter og tilfører fuktighet', 'Inneholder shea butter']",57,https://www.elkjop.no/image/dv_web_D18000100247019/GIL073221/gillette-fusion-barbergele-073221.jpg?$digital220x220$,False,5,1,elkjop.no,P&G,NO,Search,8,https://www.elkjop.no/search?SearchTerm=barberskum&search=&searchResultTab=,1
GIL065349,Gillette Satin Care Pure & Delicate barbergelé 065349,,https://www.elkjop.no/product/styling-og-velvare/harfjerning-for-kroppen/barberskum-og-gel/GIL065349/gillette-satin-care-pure-delicate-barbergele-065349,"['200 ml', 'Minimerer hudirritasjon', 'Dermatologisk testet']",99,https://www.elkjop.no/image/dv_web_D18000100247020/GIL065349/gillette-satin-care-pure-delicate-barbergele-065349.jpg?$digital220x220$,False,,,elkjop.no,P&G,NO,Search,9,https://www.elkjop.no/search?SearchTerm=barberskum&search=&searchResultTab=,1
946171,Jan Thomas aftershave og ansiktskrem 946171,,https://www.elkjop.no/product/styling-og-velvare/harfjerning-for-kroppen/barberskum-og-gel/946171/jan-thomas-aftershave-og-ansiktskrem-946171,"['Volum: 50 ml', 'Fukter og beskytter huden', 'Aloe Vera, Panthenol']",149,https://www.elkjop.no/image/dv_web_D180001002313318/946171/jan-thomas-aftershave-og-ansiktskrem-946171.jpg?$digital220x220$,False,3,2,elkjop.no,P&G,NO,Search,10,https://www.elkjop.no/search?SearchTerm=barberskum&search=&searchResultTab=,1
946172,Jan Thomas aftershave og ansiktskrem 946172,,https://www.elkjop.no/product/styling-og-velvare/harfjerning-for-kroppen/barberskum-og-gel/946172/jan-thomas-aftershave-og-ansiktskrem-946172,"['Volum: 50 ml', 'Fukter og beskytter huden', 'Parfyme- og alkoholfri']",149,https://www.elkjop.no/image/dv_web_D180001002313317/946172/jan-thomas-aftershave-og-ansiktskrem-946172.jpg?$digital220x220$,False,5,1,elkjop.no,P&G,NO,Search,11,https://www.elkjop.no/search?SearchTerm=barberskum&search=&searchResultTab=,1
